rank_overall,taxon_id,us_obs_count,iconic_taxon,common_name,scientific_name
1,145308,79234,Aves,Lesser Goldfinch,Spinus psaltria
2,3751,78117,Aves,White Ibis,Eudocimus albus
3,4246,70223,Aves,Pied-billed Grebe,Podilymbus podiceps
4,506118,69929,Aves,California Scrub-Jay,Aphelocoma californica
5,49972,69340,Insecta,Pipevine Swallowtail,Battus philenor
6,49348,69294,Insecta,White-lined Sphinx,Hyles lineata
7,12937,62555,Aves,Western Bluebird,Sialia mexicana
8,144814,62032,Aves,Carolina Chickadee,Poecile carolinensis
9,508048,60349,Aves,Sandhill Crane,Antigone canadensis
10,47919,58543,Insecta,Polyphemus Moth,Antheraea polyphemus
11,68244,57156,Insecta,Variegated Fritillary,Euptoieta claudia
12,73044,54549,Aves,California Towhee,Melozone crissalis
13,48987,52675,Insecta,Convergent Lady Beetle,Hippodamia convergens
14,51743,52247,Insecta,Queen,Danaus gilippus
15,121612,50813,Insecta,Salt Marsh Moth,Estigmene acrea
16,49591,49159,Actinopterygii,Bluegill,Lepomis macrochirus
17,67731,47239,Insecta,Common Green Darner,Anax junius
18,8234,44352,Aves,Steller's Jay,Cyanocitta stelleri
19,2969,43602,Aves,Eurasian Collared-Dove,Streptopelia decaocto
20,43115,43097,Mammalia,Desert Cottontail,Sylvilagus audubonii
21,1456562,41154,Insecta,Great Spangled Fritillary,Argynnis cybele
22,480298,40814,Mollusca,Garden Snail,Cornu aspersum
23,34435,38918,Reptilia,Mediterranean House Gecko,Hemidactylus turcicus
24,17009,38813,Aves,Say's Phoebe,Sayornis saya
25,85034,37684,Arachnida,Spotted Orbweaver,Neoscona crucifera
26,50147,35894,Insecta,Halloween Pennant,Celithemis eponina
27,1409,35715,Aves,California Quail,Callipepla californica
28,1986,35490,Aves,Greater Roadrunner,Geococcyx californianus
29,63028,35385,Insecta,Giant Leopard Moth,Hypercompe scribonia
30,27818,35216,Amphibia,California Newt,Taricha torosa
31,48550,34732,Insecta,Cloudless Sulphur,Phoebis sennae
32,70421,34581,Amphibia,Blanchard's Cricket Frog,Acris blanchardi
33,68138,34367,Insecta,Variegated Meadowhawk,Sympetrum corruptum
34,60839,34351,Insecta,Virginian Tiger Moth,Spilosoma virginica
35,36094,34275,Reptilia,Common Side-blotched Lizard,Uta stansburiana
36,7576,33890,Aves,Bewick's Wren,Thryomanes bewickii
37,118552,33610,Mammalia,Domestic Cat,Felis catus
38,12024,33452,Aves,Loggerhead Shrike,Lanius ludovicianus
39,58561,32510,Insecta,American Snout,Libytheana carinenta
40,9185,32371,Aves,Golden-crowned Sparrow,Zonotrichia atricapilla
41,41740,31698,Mammalia,California Sea Lion,Zalophus californianus
42,1668923,30996,Amphibia,Gray Treefrog,Dryophytes versicolor
43,204114,30641,Mammalia,Elk,Cervus canadensis
44,59119,30629,Insecta,Checkered White,Pontia protodice
45,466003,30562,Insecta,Eastern Lubber Grasshopper,Romalea microptera
46,40085,29962,Reptilia,Gopher Tortoise,Gopherus polyphemus
47,82117,29773,Arachnida,Dark Fishing Spider,Dolomedes tenebrosus
48,42076,29673,Mammalia,Gray Fox,Urocyon cinereoargenteus
49,67439,29410,Insecta,Sleepy Orange,Eurema nicippe
50,18204,29314,Aves,Red-headed Woodpecker,Melanerpes erythrocephalus
51,27459,28692,Amphibia,California Slender Salamander,Batrachoseps attenuatus
52,26575,28642,Reptilia,Ring-necked Snake,Diadophis punctatus
53,81677,28564,Insecta,Milkweed Tussock Moth,Euchaetes egle
54,53905,28143,Insecta,European Mantis,Mantis religiosa
55,32055,28077,Reptilia,Southern Alligator Lizard,Elgaria multicarinata
56,10224,27916,Aves,Painted Bunting,Passerina ciris
57,53713,27745,Fungi,chicken of the woods,Laetiporus sulphureus
58,29044,27678,Reptilia,Gopher Snake,Pituophis catenifer
59,52158,27227,Insecta,Gray Bird Grasshopper,Schistocerca nitens
60,73888,27084,Reptilia,Western Ratsnake,Pantherophis obsoletus
61,99897,27037,Insecta,Familiar Bluet,Enallagma civile
62,121308,26471,Insecta,Arizona Mantis,Stagmomantis limbata
63,3938,26183,Aves,Ruddy Turnstone,Arenaria interpres
64,55483,26018,Protozoa,Dog Vomit Slime Mold,Fuligo septica
65,30764,25835,Reptilia,Western Diamond-backed Rattlesnake,Crotalus atrox
66,59644,25662,Reptilia,Eastern Ratsnake,Pantherophis alleghaniensis
67,57689,25595,Insecta,Yellow-faced Bumble Bee,Bombus vosnesenskii
68,16783,25202,Aves,Scissor-tailed Flycatcher,Tyrannus forficatus
69,85024,25181,Insecta,Eastern Giant Swallowtail,Heraclides cresphontes
70,64970,24900,Amphibia,Western Toad,Anaxyrus boreas
71,94557,24871,Insecta,Powdered Dancer,Argia moesta
72,122281,24688,Insecta,Red-banded Hairstreak,Calycopis cecrops
73,16447,24593,Aves,Vermilion Flycatcher,Pyrocephalus rubinus
74,142988,24388,Insecta,Clouded Skipper,Lerema accius
75,51773,24185,Insecta,Dainty Sulphur,Nathalis iole
76,522193,23958,Mammalia,Moose,Alces alces
77,81590,23917,Insecta,Imperial Moth,Eacles imperialis
78,67642,23723,Reptilia,Gray Ratsnake,Pantherophis spiloides
79,10274,23680,Aves,Black-headed Grosbeak,Pheucticus melanocephalus
80,117943,23465,Fungi,common greenshield lichen,Flavoparmelia caperata
81,82279,23417,Insecta,Io Moth,Automeris io
82,68274,23330,Insecta,Phaon Crescent,Phyciodes phaon
83,83086,23177,Insecta,Zebra Swallowtail,Eurytides marcellus
84,4742,23058,Aves,Wood Stork,Mycteria americana
85,67708,22874,Arachnida,Banded Garden Spider,Argiope trifasciata
86,143853,22807,Aves,Black-billed Magpie,Pica hudsonia
87,70191,22767,Insecta,Rambur's Forktail,Ischnura ramburii
88,1544605,22754,Reptilia,Three-toed Box Turtle,Terrapene triunguis
89,48715,22737,Fungi,Fly Agaric,Amanita muscaria
90,104586,22600,Insecta,Great Blue Skimmer,Libellula vibrans
91,558434,22577,Aves,Cinnamon Teal,Spatula cyanoptera
92,7036,22575,Aves,Surf Scoter,Melanitta perspicillata
93,904170,22518,Reptilia,Northern Cottonmouth,Agkistrodon piscivorus
94,67435,22268,Insecta,Long-tailed Skipper,Urbanus proteus
95,144537,22162,Aves,Caspian Tern,Hydroprogne caspia
96,35342,21749,Reptilia,Green Iguana,Iguana iguana
97,3906,21718,Aves,Long-billed Curlew,Numenius americanus
98,81495,21713,Insecta,Twelve-spotted Skimmer,Libellula pulchella
99,67598,21262,Insecta,Red Imported Fire Ant,Solenopsis invicta
100,83090,21156,Insecta,Tulip-tree Beauty,Epimecis hortaria
101,9319,21133,Aves,Hooded Oriole,Icterus cucullatus
102,51097,21126,Insecta,Anise Swallowtail,Papilio zelicaon
103,49761,21006,Insecta,White Peacock,Anartia jatrophae
104,60349,20939,Reptilia,Little Brown Skink,Scincella lateralis
105,972793,20873,Fungi,Pear-shaped Puffball,Apioperdon pyriforme
106,72486,20709,Aves,Egyptian Goose,Alopochen aegyptiaca
107,6433,20636,Aves,Black-chinned Hummingbird,Archilochus alexandri
108,47817,20547,Insecta,Flame Skimmer,Libellula saturata
109,38671,20527,Reptilia,Western Whiptail,Aspidoscelis tigris
110,47392,20457,Fungi,Shaggy Mane,Coprinus comatus
111,47382,20406,Arachnida,Western Black Widow,Latrodectus hesperus
112,29200,20380,Reptilia,Rough Greensnake,Opheodrys aestivus
113,16100,20363,Aves,Eastern Wood-Pewee,Contopus virens
114,5196,20251,Aves,Swainson's Hawk,Buteo swainsoni
115,6359,20248,Aves,Allen's Hummingbird,Selasphorus sasin
116,127669,20102,Insecta,Red-shouldered Bug,Jadera haematoloma
117,94571,20060,Insecta,Blue-ringed Dancer,Argia sedula
118,130222,20054,Insecta,Black-tailed Bumble Bee,Bombus melanopygus
119,61256,19928,Insecta,Eastern Leaf-footed Bug,Leptoglossus phyllopus
120,494603,19892,Mollusca,Opalescent Nudibranch,Hermissenda opalescens
121,196842,19866,Fungi,crowded parchment,Stereum complicatum
122,42429,19850,Mammalia,Pronghorn,Antilocapra americana
123,792987,19700,Aves,Nuttall's Woodpecker,Dryobates nuttallii
124,58530,19655,Insecta,Little Yellow,Eurema lisa
125,7056,19511,Aves,Redhead,Aythya americana
126,5416,19341,Aves,Mississippi Kite,Ictinia mississippiensis
127,59152,19292,Insecta,Marine Blue,Leptotes marina
128,43130,19024,Mammalia,Black-tailed Jackrabbit,Lepus californicus
129,1038408,18905,Insecta,Common Checkered-Skipper,Burnsius communis
130,1289601,18805,Aves,Neotropic Cormorant,Nannopterum brasilianum
131,180010,18692,Mammalia,Common Golden-mantled Ground Squirrel,Callospermophilus lateralis
132,64989,18585,Amphibia,Woodhouse's Toad,Anaxyrus woodhousii
133,42408,18523,Mammalia,American Bison,Bison bison
134,118968,18450,Insecta,Oblique Streaktail,Allograpta obliqua
135,82379,18397,Insecta,Hummingbird Clearwing,Hemaris thysbe
136,4235,18386,Aves,Western Grebe,Aechmophorus occidentalis
137,69940,18310,Insecta,Ceraunus Blue,Hemiargus ceraunus
138,51761,18236,Insecta,American Rubyspot,Hetaerina americana
139,334704,18213,Fungi,crown-tipped coral fungus,Artomyces pyxidatus
140,366894,18029,Arachnida,Noble False Widow,Steatoda nobilis
141,1289607,17997,Aves,Brandt's Cormorant,Urile penicillatus
142,120183,17992,Arachnida,Marbled Orbweaver,Araneus marmoreus
143,144496,17927,Aves,Wilson's Snipe,Gallinago delicata
144,50892,17841,Insecta,Variable Checkerspot,Euphydryas chalcedona
145,16779,17693,Aves,Cassin's Kingbird,Tyrannus vociferans
146,311233,17672,Arachnida,Twin-flagged Jumping Spider,Anasaitis canosus
147,4205,17558,Aves,Eared Grebe,Podiceps nigricollis
148,145255,17555,Aves,Townsend's Warbler,Setophaga townsendi
149,119956,17546,Plantae,wax myrtle,Morella cerifera
150,515419,17233,Reptilia,Eastern Milksnake,Lampropeltis triangulum
151,144820,17204,Aves,Chestnut-backed Chickadee,Poecile rufescens
152,4496,17128,Aves,Black Skimmer,Rynchops niger
153,792986,17095,Aves,Ladder-backed Woodpecker,Dryobates scalaris
154,7,17092,Aves,Limpkin,Aramus guarauna
155,56240,17075,Insecta,Vivid Dancer,Argia vivida
156,1406,17020,Aves,Gambel's Quail,Callipepla gambelii
157,56756,16996,Insecta,Harlequin Bug,Murgantia histrionica
158,68240,16878,Insecta,Bordered Patch,Chlosyne lacinia
159,46086,16763,Mammalia,Yellow-bellied Marmot,Marmota flaviventris
160,60812,16719,Insecta,Reddish-brown Stag Beetle,Lucanus capreolus
161,62978,16714,Insecta,Silvery Checkerspot,Chlosyne nycteis
162,117002,16700,Aves,Phainopepla,Phainopepla nitens
163,180008,16658,Mammalia,Rock Squirrel,Otospermophilus variegatus
164,69736,16649,Insecta,American Bird Grasshopper,Schistocerca americana
165,73669,16634,Reptilia,Common Spotted Whiptail,Aspidoscelis gularis
166,118503,16467,Insecta,Virginia Creeper Sphinx,Darapsa myron
167,50880,16393,Insecta,Lorquin's Admiral,Limenitis lorquini
168,124431,16393,Insecta,Spotless Lady Beetle,Cycloneda sanguinea
169,567666,16357,Insecta,Two-spotted Longhorn Bee,Melissodes bimaculatus
170,214185,16347,Mollusca,Button's Banana Slug,Ariolimax buttoni
171,13633,16330,Aves,Oak Titmouse,Baeolophus inornatus
172,126712,16299,Insecta,Eastern Dobsonfly,Corydalus cornutus
173,39280,16295,Reptilia,Northern Curly-tailed Lizard,Leiocephalus carinatus
174,117308,16293,Fungi,Green-spored Parasol,Chlorophyllum molybdites
175,59115,16212,Actinopterygii,Western Mosquitofish,Gambusia affinis
176,16010,16210,Aves,Ash-throated Flycatcher,Myiarchus cinerascens
177,117221,16179,Insecta,Common Eastern Velvet Ant,Dasymutilla occidentalis
178,118930,16120,Insecta,Yellow-striped Armyworm Moth,Spodoptera ornithogalli
179,126215,16097,Insecta,Four-toothed Mason Wasp,Monobia quadridens
180,118914,16082,Insecta,Reakirt's Blue,Echinargus isola
181,127597,16067,Plantae,woodland stonecrop,Sedum ternatum
182,19975,16051,Aves,Burrowing Owl,Athene cunicularia
183,202861,16007,Mollusca,Milk Snail,Otala lactea
184,55887,15984,Insecta,California Gall Wasp,Andricus quercuscalifornicus
185,1081332,15983,Insecta,Umber Skipper,Lon melane
186,7019,15978,Aves,Greater White-fronted Goose,Anser albifrons
187,62806,15970,Mollusca,California Mussel,Mytilus californianus
188,53843,15952,Insecta,Western Pygmy-Blue,Brephidium exilis
189,1455147,15897,Plantae,Little Brown Jugs,Asarum arifolium
190,60342,15750,Reptilia,Western Ribbon Snake,Thamnophis proximus
191,9357,15693,Aves,Bullock's Oriole,Icterus bullockii
192,277657,15659,Plantae,leatherleaf mahonia,Berberis bealei
193,105098,15636,Insecta,Pharaoh Cicada,Magicicada septendecim
194,14912,15611,Aves,Curve-billed Thrasher,Toxostoma curvirostre
195,27120,15571,Amphibia,Northern Two-lined Salamander,Eurycea bislineata
196,9943,15561,Aves,Black-throated Sparrow,Amphispiza bilineata
197,12936,15550,Aves,Mountain Bluebird,Sialia currucoides
198,52902,15539,Insecta,Faint-spotted Palthis Moth,Palthis asopialis
199,7486,15492,Aves,Rock Wren,Salpinctes obsoletus
200,51493,15469,Insecta,Pallid-winged Grasshopper,Trimerotropis pallidipennis
201,775410,15464,Fungi,birch polypore,Fomitopsis betulina
202,5277,15431,Aves,White-tailed Kite,Elanus leucurus
203,84950,15428,Insecta,Eight-spotted Forester Moth,Alypia octomaculata
204,198812,15425,Insecta,Northern Pearly-eye,Lethe anthedon
205,59698,15414,Animalia,By-the-wind Sailor,Velella velella
206,39566,15396,Reptilia,Florida Softshell Turtle,Apalone ferox
207,786918,15357,Fungi,Gilled Polypore,Trametes betulina
208,126831,15297,Fungi,Eastern American jack-o'-lantern,Omphalotus illudens
209,119090,15286,Insecta,Gold-marked Thread-waisted Wasp,Eremnophila aureonotata
210,1415102,15210,Plantae,Bladderpod,Cleomella arborea
211,144502,15181,Aves,Bonaparte's Gull,Chroicocephalus philadelphia
212,42391,15176,Mammalia,Bighorn Sheep,Ovis canadensis
213,56851,15174,Plantae,narrowleaf milkweed,Asclepias fascicularis
214,55746,15159,Arachnida,Goldenrod Crab Spider,Misumena vatia
215,27250,15124,Amphibia,Ensatina,Ensatina eschscholtzii
216,61355,15042,Insecta,Western Yellowjacket,Vespula pensylvanica
217,118490,15036,Insecta,Chickweed Geometer Moth,Haematopis grataria
218,84403,14976,Insecta,Red-headed Bush Cricket,Phyllopalpus pulchellus
219,129272,14933,Insecta,Chestnut Carpenter Ant,Camponotus castaneus
220,68315,14928,Arachnida,Magnolia Green Jumping Spider,Lyssomanes viridis
221,46179,14889,Mammalia,Black-tailed Prairie Dog,Cynomys ludovicianus
222,63160,14832,Insecta,Calico Pennant,Celithemis elisa
223,39556,14787,Reptilia,Spiny Softshell,Apalone spinifera
224,67752,14761,Fungi,western jack-o'-lantern,Omphalotus olivascens
225,4838,14748,Aves,Black Oystercatcher,Haematopus bachmani
226,146413,14700,Reptilia,Prairie Lizard,Sceloporus consobrinus
227,119056,14621,Arachnida,Striped Bark Scorpion,Centruroides vittatus
228,520456,14586,Insecta,Acmon Blue,Icaricia acmon
229,27184,14577,Amphibia,Northern Slimy Salamander,Plethodon glutinosus
230,6316,14530,Aves,Costa's Hummingbird,Calypte costae
231,143181,14530,Insecta,Black-bordered Lemon Moth,Marimatha nigrofimbria
232,144816,14508,Aves,Mountain Chickadee,Poecile gambeli
233,499559,14473,Plantae,Texas mountain laurel,Dermatophyllum secundiflorum
234,59651,14459,Insecta,North American Common Water Strider,Aquarius remigis
235,60214,14456,Plantae,velvetleaf,Abutilon theophrasti
236,128717,14415,Plantae,Eastern Coral Bean,Erythrina herbacea
237,121437,14409,Arachnida,Six-spotted Fishing Spider,Dolomedes triton
238,49351,14355,Plantae,Teddybear Cholla,Cylindropuntia bigelovii
239,67560,14304,Insecta,California Sister,Adelpha californica
240,49472,14221,Plantae,Snowplant,Sarcodes sanguinea
241,75858,14216,Plantae,sideoats grama,Bouteloua curtipendula
242,39659,14204,Reptilia,Green Sea Turtle,Chelonia mydas
243,133280,14180,Insecta,Versute Sharpshooter,Graphocephala versuta
244,82177,14131,Insecta,Black Soldier Fly,Hermetia illucens
245,83802,14121,Insecta,Locust Borer,Megacyllene robiniae
246,59194,14110,Insecta,Woodland Skipper,Ochlodes sylvanoides
247,1129479,14091,Insecta,Blue-winged Scoliid Wasp,Scolia dubia
248,47383,14080,Arachnida,Brown Widow,Latrodectus geometricus
249,118731,14050,Plantae,netted chain fern,Woodwardia areolata
250,125705,14020,Fungi,violet-toothed polypore,Trichaptum biforme
251,797597,14010,Reptilia,Peters's Rock Agama,Agama picticauda
252,67691,13981,Insecta,Spotted Tussock Moth,Lophocampa maculata
253,67524,13859,Plantae,Jacob's ladder,Polemonium reptans
254,125101,13859,Plantae,tiny bluet,Houstonia pusilla
255,146199,13855,Reptilia,California King Snake,Lampropeltis californiae
256,24230,13837,Amphibia,Northern Cricket Frog,Acris crepitans
257,52078,13826,Plantae,largeflower Mexican clover,Richardia grandiflora
258,48711,13820,Fungi,Tree Lungwort,Lobaria pulmonaria
259,56252,13793,Protozoa,Common Coral Slime,Ceratiomyxa fruticulosa
260,335071,13729,Insecta,Waterlily Leafcutter Moth,Elophila obliteralis
261,94575,13711,Insecta,Blue-tipped Dancer,Argia tibialis
262,51315,13611,Plantae,White Globe Lily,Calochortus albus
263,11931,13599,Aves,Violet-green Swallow,Tachycineta thalassina
264,9528,13593,Aves,Eastern Meadowlark,Sturnella magna
265,50625,13581,Plantae,common hoptree,Ptelea trifoliata
266,82043,13576,Insecta,White-spotted Sawyer,Monochamus scutellatus
267,14906,13563,Aves,California Thrasher,Toxostoma redivivum
268,68911,13547,Insecta,Needham's Skimmer,Libellula needhami
269,28102,13530,Reptilia,Rough Earthsnake,Virginia striatula
270,13270,13511,Aves,Wood Thrush,Hylocichla mustelina
271,64121,13500,Plantae,sugar bush,Rhus ovata
272,29310,13483,Reptilia,Diamondback Watersnake,Nerodia rhombifer
273,123713,13479,Arachnida,Western Spotted Orbweaver,Neoscona oaxacensis
274,123049,13471,Plantae,dwarf ginseng,Panax trifolius
275,52484,13464,Insecta,Echo Azure,Celastrina echo
276,1614093,13439,Plantae,Celandine Poppy,Chelidonium diphyllum
277,99892,13421,Insecta,Double-striped Bluet,Enallagma basidens
278,3108,13419,Aves,Band-tailed Pigeon,Patagioenas fasciata
279,10676,13406,Aves,Dickcissel,Spiza americana
280,154156,13387,Plantae,turkey mullein,Croton setiger
281,121594,13373,Insecta,Evergreen Bagworm Moth,Thyridopteryx ephemeraeformis
282,127905,13373,Insecta,Tricolored Bumble Bee,Bombus ternarius
283,160765,13359,Plantae,spurge nettle,Cnidoscolus stimulosus
284,141626,13301,Insecta,False Milkweed Bug,Lygaeus turcicus
285,68230,13271,Insecta,Four-spotted Pennant,Brachymesia gravida
286,126169,13258,Plantae,American bladdernut,Staphylea trifolia
287,504060,13257,Fungi,Golden Oyster Mushroom,Pleurotus citrinopileatus
288,10729,13249,Aves,Prothonotary Warbler,Protonotaria citrea
289,699778,13177,Plantae,American basketflower,Plectocephalus americanus
290,82536,13171,Plantae,bird's foot violet,Viola pedata
291,17394,13167,Aves,Warbling Vireo,Vireo gilvus
292,244216,13128,Insecta,Valley Carpenter Bee,Xylocopa sonorina
293,776900,13111,Arachnida,Mabel Orchard Orbweaver,Leucauge argyrobapta
294,7470,13078,Aves,Cactus Wren,Campylorhynchus brunneicapillus
295,49343,13071,Plantae,purple owl's-clover,Castilleja exserta
296,204077,13058,Insecta,Garden Webworm Moth,Achyra rantalis
297,57665,13042,Insecta,Figeater Beetle,Cotinis mutabilis
298,148006,13038,Plantae,Mealy Blue Sage,Salvia farinacea
299,84023,13029,Insecta,Walnut Sphinx,Amorpha juglandis
300,42134,13023,Mammalia,Wild Boar,Sus scrofa
301,49354,13020,Plantae,Buckhorn Cholla,Cylindropuntia acanthocarpa
302,128516,13004,Fungi,orange mycena,Mycena leana
303,47516,12995,Actinopterygii,Rainbow Trout,Oncorhynchus mykiss
304,57090,12989,Plantae,Mediterranean Stork's-bill,Erodium botrys
305,4840,12986,Aves,American Oystercatcher,Haematopus palliatus
306,198856,12963,Insecta,Black-and-gold Bumble Bee,Bombus auricomus
307,27093,12956,Amphibia,Southern Two-lined Salamander,Eurycea cirrigera
308,121976,12954,Plantae,compass plant,Silphium laciniatum
309,133756,12954,Insecta,,Leptoglossus oppositus
310,286324,12934,Plantae,Western Soapberry,Sapindus drummondii
311,49766,12870,Insecta,Zebra Longwing,Heliconius charithonia
312,244407,12837,Insecta,Leafhopper Assassin Bug,Zelus renardii
313,904334,12831,Arachnida,Joro Spider,Trichonephila clavata
314,133826,12821,Insecta,Milkweed Assassin Bug,Zelus longipes
315,103927,12799,Insecta,Blue Corporal,Ladona deplanata
316,118492,12778,Insecta,Corn Earworm Moth,Helicoverpa zea
317,10234,12746,Aves,Lazuli Bunting,Passerina amoena
318,30746,12720,Reptilia,Timber Rattlesnake,Crotalus horridus
319,506117,12715,Aves,Woodhouse's Scrub-Jay,Aphelocoma woodhouseii
320,51432,12690,Plantae,showy orchis,Galearis spectabilis
321,62221,12685,Plantae,cardinal catchfly,Silene laciniata
322,63319,12659,Plantae,hoary vervain,Verbena stricta
323,495552,12648,Mollusca,Horned Nudibranch,Hermissenda crassicornis
324,1640135,12634,Fungi,white jelly fungus,Protohydnum album
325,59176,12610,Insecta,Mylitta Crescent,Phyciodes mylitta
326,415285,12579,Insecta,Northern Flatid Planthopper,Flatormenis proxima
327,55521,12569,Insecta,Pale Swallowtail,Papilio eurymedon
328,82580,12569,Plantae,whorled loosestrife,Lysimachia quadrifolia
329,455063,12567,Arachnida,Wetland Giant Wolf Spider,Tigrosa helluo
330,67328,12565,Arachnida,Long-bodied Cellar Spider,Pholcus phalangioides
331,52774,12553,Insecta,Golden Northern Bumble Bee,Bombus fervidus
332,6363,12543,Aves,Rufous Hummingbird,Selasphorus rufus
333,7601,12535,Aves,Marsh Wren,Cistothorus palustris
334,57078,12521,Plantae,Rose Clover,Trifolium hirtum
335,57690,12501,Insecta,Sonoran Bumble Bee,Bombus sonorus
336,117218,12501,Arachnida,Arrowhead Orbweaver,Verrucosa arenata
337,132736,12490,Insecta,Snowy Urola Moth,Urola nivalis
338,7603,12481,Aves,Verdin,Auriparus flaviceps
339,428606,12471,Insecta,Western Giant Swallowtail,Heraclides rumiko
340,81795,12450,Plantae,false rue anemone,Enemion biternatum
341,47469,12444,Mollusca,Monterey Dorid,Doris montereyensis
342,48795,12430,Plantae,checkerbloom,Sidalcea malviflora
343,16079,12423,Aves,Western Wood-Pewee,Contopus sordidulus
344,1393273,12419,Plantae,American field pansy,Viola rafinesquei
345,51092,12399,Plantae,canyon live oak,Quercus chrysolepis
346,142783,12393,Insecta,Long-necked Seed Bug,Myodocha serripes
347,78258,12346,Plantae,stinknet,Oncosiphon pilulifer
348,464189,12346,Fungi,Christmas lichen,Herpothallon rubrocinctum
349,46259,12345,Mammalia,Douglas's Squirrel,Tamiasciurus douglasii
350,49668,12340,Plantae,American Mistletoe,Phoradendron leucarpum
351,60752,12321,Insecta,Carolina Satyr,Hermeuptychia sosybius
352,158286,12309,Plantae,leadplant,Amorpha canescens
353,769248,12299,Plantae,wild comfrey,Andersonglossum virginianum
354,222284,12260,Insecta,Brown-shaded Gray,Iridopsis defectaria
355,123188,12255,Plantae,putty root,Aplectrum hyemale
356,61492,12232,Insecta,Golden-backed Snipe Fly,Chrysopilus thoracicus
357,119737,12215,Plantae,wild potato vine,Ipomoea pandurata
358,29317,12205,Reptilia,Banded Watersnake,Nerodia fasciata
359,469282,12175,Insecta,Swamp Cicada,Neotibicen tibicen
360,84239,12160,Insecta,Juniper Hairstreak,Callophrys gryneus
361,60367,12144,Plantae,American wintergreen,Pyrola americana
362,50786,12138,Insecta,West Coast Lady,Vanessa annabella
363,146632,12127,Insecta,Maize Calligrapher,Toxomerus politus
364,116377,12088,Plantae,Gambel Oak,Quercus gambelii
365,127681,12085,Plantae,butterfly pea,Centrosema virginianum
366,410641,12066,Fungi,Lumpy Bracket,Trametes gibbosa
367,77960,12064,Plantae,coastal manroot,Marah oregana
368,154043,12053,Insecta,Hunt's Bumble Bee,Bombus huntii
369,49016,12030,Insecta,Fir Tussock Moth,Orgyia detrita
370,39703,12027,Reptilia,Eastern Musk Turtle,Sternotherus odoratus
371,53723,12015,Plantae,California incense-cedar,Calocedrus decurrens
372,118951,12003,Insecta,Common True Katydid,Pterophylla camellifolia
373,69737,11972,Insecta,Tersa Sphinx,Xylophanes tersa
374,81800,11914,Plantae,dwarf larkspur,Delphinium tricorne
375,400267,11883,Plantae,redmaids,Calandrinia menziesii
376,49590,11842,Actinopterygii,Smallmouth Bass,Micropterus dolomieu
377,13631,11820,Aves,Black-crested Titmouse,Baeolophus atricristatus
378,1505663,11815,Aves,Snowy Plover,Anarhynchus nivosus
379,63274,11810,Fungi,hemlock varnish shelf,Ganoderma tsugae
380,82153,11792,Insecta,Waved Sphinx,Ceratomia undulosa
381,430581,11752,Plantae,Fountain Grass,Cenchrus setaceus
382,549981,11746,Plantae,eastern shooting star,Primula meadia
383,67772,11736,Plantae,sessile bellwort,Uvularia sessilifolia
384,50878,11731,Plantae,seaside daisy,Erigeron glaucus
385,81804,11724,Plantae,Dwarf Palmetto,Sabal minor
386,57095,11716,Plantae,California yerba santa,Eriodictyon californicum
387,126211,11707,Insecta,Four-lined Plant Bug,Poecilocapsus lineatus
388,129042,11706,Insecta,Spring Fishfly,Chauliodes rastricornis
389,103494,11700,Insecta,Citrine Forktail,Ischnura hastata
390,58224,11696,Plantae,Bush Poppy,Dendromecon rigida
391,1550566,11695,Plantae,Graham's nipple cactus,Cochemiea grahamii
392,60146,11682,Plantae,marsh fleabane,Pluchea odorata
393,81582,11676,Insecta,Cecropia Moth,Hyalophora cecropia
394,128701,11659,Plantae,Illinois bundleflower,Desmanthus illinoensis
395,19577,11651,Aves,Common Nighthawk,Chordeiles minor
396,53340,11629,Insecta,Dark Flower Scarab,Euphoria sepulcralis
397,3873,11615,Aves,Long-billed Dowitcher,Limnodromus scolopaceus
398,125669,11612,Mollusca,Decollate Snail,Rumina decollata
399,83744,11606,Arachnida,Lone Star Tick,Amblyomma americanum
400,147931,11596,Insecta,Ocola Skipper,Panoquina ocola
401,61323,11584,Plantae,Snakewort,Conocephalum salebrosum
402,717858,11565,Reptilia,Six-lined Racerunner,Aspidoscelis sexlineatus
403,73792,11560,Reptilia,Broad-headed Skink,Plestiodon laticeps
404,68165,11555,Insecta,Argentine Ant,Linepithema humile
405,119013,11545,Insecta,Virginia Ctenucha Moth,Ctenucha virginica
406,128652,11532,Plantae,Tropical sage,Salvia coccinea
407,60598,11524,Arachnida,Eastern Black-legged Tick,Ixodes scapularis
408,131249,11500,Plantae,mile-a-minute weed,Persicaria perfoliata
409,68062,11498,Arachnida,Gray Wall Jumping Spider,Menemerus bivittatus
410,148405,11487,Plantae,Spinystar,Escobaria vivipara
411,60500,11475,Plantae,Corn Lily,Veratrum californicum
412,67804,11473,Plantae,Antelope Bitterbrush,Purshia tridentata
413,126397,11436,Insecta,Sycamore Tussock Moth,Halysidota harrisii
414,49716,11428,Insecta,Blinded Sphinx,Paonias excaecata
415,82407,11422,Plantae,shining firmoss,Huperzia lucidula
416,343393,11414,Insecta,Yellow-fringed Dolichomia Moth,Hypsopygia olinalis
417,47585,11405,Mollusca,Eastern Oyster,Crassostrea virginica
418,67419,11389,Chromista,Feather Boa Kelp,Egregia menziesii
419,121687,11385,Fungi,Cedar-apple rust,Gymnosporangium juniperi-virginianae
420,100391,11378,Insecta,Seaside Dragonlet,Erythrodiplax berenice
421,26736,11371,Amphibia,Marbled Salamander,Ambystoma opacum
422,63113,11363,Mammalia,Northern Short-tailed Shrew,Blarina brevicauda
423,169675,11340,Plantae,stiff greenthread,Thelesperma filifolium
424,28557,11339,Reptilia,Red-bellied Snake,Storeria occipitomaculata
425,82329,11333,Plantae,blackjack oak,Quercus marilandica
426,199916,11325,Aves,Black-throated Blue Warbler,Setophaga caerulescens
427,4798,11323,Aves,Piping Plover,Charadrius melodus
428,130184,11322,Plantae,Texas bindweed,Convolvulus equitans
429,82812,11314,Plantae,dwarf crested iris,Iris cristata
430,62780,11305,Insecta,Ferruginous Carpenter Ant,Camponotus chromaiodes
431,68232,11284,Insecta,Palamedes Swallowtail,Papilio palamedes
432,69823,11284,Plantae,Tanoak,Notholithocarpus densiflorus
433,487301,11274,Fungi,White-pored Chicken of the Woods,Laetiporus cincinnatus
434,47110,11241,Mollusca,Spotted Dorid,Triopha maculata
435,60496,11221,Plantae,Glacier Lily,Erythronium grandiflorum
436,50648,11215,Plantae,Menzies' baby blue eyes,Nemophila menziesii
437,129347,11205,Plantae,gallberry,Ilex glabra
438,162094,11196,Plantae,Pink Sundew,Drosera capillaris
439,58421,11150,Arachnida,Johnson's Jumping Spider,Phidippus johnsoni
440,79026,11149,Plantae,Lanceleaf Stonecrop,Sedum lanceolatum
441,79122,11137,Plantae,jojoba,Simmondsia chinensis
442,8001,11124,Aves,Fish Crow,Corvus ossifragus
443,99924,11118,Insecta,Orange Bluet,Enallagma signatum
444,125186,11117,Plantae,round-headed bush clover,Lespedeza capitata
445,370492,11100,Plantae,Lantana,Lantana strigocamara
446,53226,11098,Insecta,Western Boxelder Bug,Boisea rubrolineata
447,41728,11087,Mammalia,Northern Elephant Seal,Mirounga angustirostris
448,124748,11084,Chromista,Giant Kelp,Macrocystis pyrifera
449,81594,11000,Plantae,bottlebrush grass,Elymus hystrix
450,144530,10982,Aves,Least Tern,Sternula antillarum
451,123900,10981,Insecta,Wool Sower Gall Wasp,Callirhytis seminator
452,49649,10979,Plantae,Fremont's Death Camas,Toxicoscordion fremontii
453,143024,10949,Insecta,Confused Eusarca Moth,Eusarca confusaria
454,116339,10933,Plantae,toadshade,Trillium sessile
455,52621,10932,Plantae,Cobwebby Thistle,Cirsium occidentale
456,47788,10908,Plantae,Banana Yucca,Yucca baccata
457,68263,10897,Insecta,Two-tailed Swallowtail,Papilio multicaudata
458,1456448,10876,Insecta,American Copper,Lycaena hypophlaeas
459,128943,10874,Plantae,bristly greenbrier,Smilax tamnoides
460,204179,10874,Plantae,arrow-leaved tearthumb,Persicaria sagittata
461,133074,10817,Plantae,Texas Bull Nettle,Cnidoscolus texanus
462,62229,10816,Insecta,Pacific Forktail,Ischnura cervula
463,8335,10813,Aves,Canada Jay,Perisoreus canadensis
464,73905,10787,Reptilia,Texas Horned Lizard,Phrynosoma cornutum
465,133102,10784,Insecta,Broad-headed Sharpshooter,Oncometopia orbona
466,82310,10757,Plantae,sallow sedge,Carex lurida
467,82469,10739,Plantae,blackfoot daisy,Melampodium leucanthum
468,1568936,10725,Plantae,orange milkwort,Senega lutea
469,77349,10724,Plantae,common sneezeweed,Helenium autumnale
470,68416,10711,Plantae,Branched Pencil Cholla,Cylindropuntia ramosissima
471,155106,10710,Insecta,Black-shouldered Drone Fly,Eristalis dimidiata
472,85313,10709,Plantae,obedient plant,Physostegia virginiana
473,39830,10707,Reptilia,River Cooter,Pseudemys concinna
474,53793,10707,Plantae,twoleaf miterwort,Mitella diphylla
475,213631,10698,Insecta,Green Cutworm Moth,Anicla infecta
476,362543,10684,Arachnida,White-banded Fishing Spider,Dolomedes albineus
477,50342,10678,Insecta,Band-winged Dragonlet,Erythrodiplax umbrata
478,59924,10645,Plantae,narrowleaf puccoon,Lithospermum incisum
479,62035,10643,Arachnida,White-banded Crab Spider,Misumenoides formosipes
480,68034,10638,Plantae,rattlesnakeweed,Hieracium venosum
481,120151,10628,Plantae,Carolina buckthorn,Frangula caroliniana
482,126671,10625,Plantae,Scarlet Globemallow,Sphaeralcea coccinea
483,164985,10623,Plantae,Japanese climbing fern,Lygodium japonicum
484,125738,10608,Fungi,Black-staining Polypore,Meripilus sumstinei
485,128242,10606,Insecta,Dark-spotted Palthis Moth,Palthis angulalis
486,82813,10604,Plantae,devil's walkingstick,Aralia spinosa
487,68492,10596,Reptilia,Tropical House Gecko,Hemidactylus mabouia
488,67706,10588,Arachnida,Silver Garden Orbweaver,Argiope argentata
489,52043,10579,Insecta,Hawaiian Beet Webworm Moth,Spoladea recurvalis
490,81831,10578,Plantae,sawbrier,Smilax glauca
491,47914,10574,Insecta,Pandorus Sphinx,Eumorpha pandorus
492,172392,10574,Arachnida,American Green Crab Spider,Misumessus oblongus
493,36315,10572,Reptilia,Greater Short-horned Lizard,Phrynosoma hernandesi
494,28389,10560,Reptilia,Northwestern Garter Snake,Thamnophis ordinoides
495,125379,10558,Plantae,whorled milkweed,Asclepias verticillata
496,59459,10549,Plantae,Desert Trumpet,Eriogonum inflatum
497,108344,10547,Insecta,Wandering Glider,Pantala flavescens
498,1264432,10545,Mammalia,American Mink,Neogale vison
499,59220,10543,Aves,Cackling Goose,Branta hutchinsii
500,6917,10519,Aves,Tundra Swan,Cygnus columbianus
501,79056,10514,Plantae,Catclaw Acacia,Senegalia greggii
502,41566,10509,Mammalia,Humpback Whale,Megaptera novaeangliae
503,84806,10499,Insecta,Green Cone-headed Planthopper,Acanalonia conica
504,59954,10494,Fungi,Smooth Rock Tripe,Umbilicaria mammulata
505,59188,10492,Insecta,Funereal Duskywing,Erynnis funeralis
506,116143,10490,Reptilia,Plateau Fence Lizard,Sceloporus tristichus
507,57892,10480,Plantae,singleleaf pinyon,Pinus monophylla
508,127270,10477,Plantae,sea ox-eye,Borrichia frutescens
509,145231,10468,Aves,Cape May Warbler,Setophaga tigrina
510,246102,10458,Plantae,Trailing Daisy,Sphagneticola trilobata
511,84185,10451,Insecta,Southern Flannel Moth,Megalopyge opercularis
512,51234,10444,Plantae,American water-willow,Justicia americana
513,79136,10442,Plantae,western horsenettle,Solanum dimidiatum
514,10243,10429,Aves,Yellow-breasted Chat,Icteria virens
515,29925,10409,Reptilia,Eastern Hognose Snake,Heterodon platirhinos
516,25078,10404,Amphibia,Eastern Narrow-mouthed Toad,Gastrophryne carolinensis
517,130919,10398,Fungi,Resinous Polypore,Ischnoderma resinosum
518,3862,10394,Aves,Semipalmated Sandpiper,Calidris pusilla
519,57922,10394,Plantae,Maltese star-thistle,Centaurea melitensis
520,18464,10381,Aves,Red-breasted Sapsucker,Sphyrapicus ruber
521,51599,10371,Plantae,Shiny-leaved Wild Coffee,Psychotria nervosa
522,63547,10359,Plantae,purple prairie clover,Dalea purpurea
523,133333,10349,Plantae,sorrelvine,Cissus trifoliata
524,57231,10343,Plantae,Coffee Fern,Pellaea andromedifolia
525,224157,10334,Insecta,Black Firefly,Lucidota atra
526,161947,10312,Plantae,red bush monkeyflower,Diplacus puniceus
527,5074,10301,Aves,Golden Eagle,Aquila chrysaetos
528,78559,10291,Plantae,Mesquite Mistletoe,Phoradendron californicum
529,158753,10283,Plantae,Zizotes milkweed,Asclepias oenotheroides
530,1464017,10274,Plantae,Redwood Sorrel,Oxalis smalliana
531,27427,10259,Amphibia,Arboreal Salamander,Aneides lugubris
532,204156,10254,Plantae,pointed-leaved tick-trefoil,Hylodesmum glutinosum
533,85365,10253,Actinopterygii,Redbreast Sunfish,Lepomis auritus
534,158763,10244,Plantae,green comet milkweed,Asclepias viridiflora
535,4415,10239,Aves,Pigeon Guillemot,Cepphus columba
536,56352,10233,Plantae,monument plant,Frasera speciosa
537,78835,10232,Plantae,annual bastard cabbage,Rapistrum rugosum
538,143043,10206,Insecta,Delicate Cycnia Moth,Cycnia tenera
539,118051,10187,Fungi,Veiled Polypore,Cryptoporus volvatus
540,143002,10175,Insecta,Gem Moth,Orthonama obstipata
541,1595253,10161,Plantae,Eastern Joshua tree,Yucca jaegeriana
542,162,10152,Aves,Sora,Porzana carolina
543,43102,10141,Mammalia,Marsh Rabbit,Sylvilagus palustris
544,85398,10128,Fungi,flowerpot parasol,Leucocoprinus birnbaumii
545,962637,10127,Plantae,common water hyacinth,Pontederia crassipes
546,99912,10118,Insecta,Skimming Bluet,Enallagma geminatum
547,322357,10115,Insecta,Large-tailed Aphideater,Eupeodes volucris
548,53714,10079,Fungi,hen of the woods,Grifola frondosa
549,130900,10079,Plantae,moonseed,Menispermum canadense
550,83804,10076,Insecta,Eastern Hercules Beetle,Dynastes tityus
551,227307,10073,Insecta,Juniper Geometer Moth,Patalene olyzonaria
552,57081,10069,Plantae,tomcat clover,Trifolium willdenovii
553,4519,10046,Aves,Common Murre,Uria aalge
554,53925,10037,Plantae,galax,Galax urceolata
555,284004,10034,Plantae,Blue Pigroot,Sisyrinchium micranthum
556,61157,10013,Insecta,Ornate Checkered Beetle,Trichodes ornatus
557,42113,9997,Mammalia,Collared Peccary,Pecari tajacu
558,71113,9995,Plantae,stream violet,Viola glabella
559,43112,9994,Mammalia,Brush Rabbit,Sylvilagus bachmani
560,49158,9990,Fungi,lion's-mane mushroom,Hericium erinaceus
561,14825,9976,Aves,Brown-headed Nuthatch,Sitta pusilla
562,133029,9961,Insecta,Broad-necked Root Borer,Prionus laticollis
563,56760,9951,Plantae,woolly paintbrush,Castilleja foliolosa
564,128939,9942,Plantae,Carolina ponysfoot,Dichondra carolinensis
565,57902,9936,Plantae,Colorado Pinyon,Pinus edulis
566,1578502,9916,Aves,American Barn Owl,Tyto furcata
567,569552,9915,Insecta,Immigrant Pavement Ant,Tetramorium immigrans
568,58662,9897,Actinopterygii,Creek Chub,Semotilus atromaculatus
569,33135,9890,Reptilia,Eastern Collared Lizard,Crotaphytus collaris
570,58700,9890,Fungi,black knot,Apiosporina morbosa
571,57730,9887,Plantae,western blue flag,Iris missouriensis
572,3544,9862,Aves,Inca Dove,Columbina inca
573,142995,9856,Insecta,Spotted Beet Webworm Moth,Hymenia perspectalis
574,13893,9854,Aves,Scaly-breasted Munia,Lonchura punctulata
575,16598,9835,Aves,Western Flycatcher,Empidonax difficilis
576,119986,9823,Plantae,Hercules' club,Zanthoxylum clava-herculis
577,55474,9822,Fungi,yellow fieldcap,Bolbitius titubans
578,48215,9815,Fungi,lobster mushroom,Hypomyces lactifluorum
579,18167,9797,Aves,Golden-fronted Woodpecker,Melanerpes aurifrons
580,204244,9796,Plantae,southern lady fern,Athyrium asplenioides
581,126485,9794,Plantae,Carolina sweetshrub,Calycanthus floridus
582,199381,9794,Insecta,Glassy-winged Sharpshooter,Homalodisca vitripennis
583,43997,9783,Mammalia,Coypu,Myocastor coypus
584,84602,9767,Insecta,Lunate Zale Moth,Zale lunata
585,200075,9766,Plantae,bear's foot,Smallanthus uvedalia
586,120009,9752,Plantae,St. Andrew's cross,Hypericum hypericoides
587,78087,9742,Plantae,Bristly Mallow,Modiola caroliniana
588,14816,9738,Aves,Pygmy Nuthatch,Sitta pygmaea
589,76737,9735,Plantae,Chalk Dudleya,Dudleya pulverulenta
590,146852,9731,Insecta,Four-banded Stink Bug Wasp,Bicyrtes quadrifasciatus
591,50320,9706,Plantae,Pacific pea,Lathyrus vestitus
592,119342,9682,Arachnida,Arabesque Orbweaver,Neoscona arabesca
593,1289605,9678,Aves,Pelagic Cormorant,Urile pelagicus
594,145246,9677,Aves,Yellow-throated Warbler,Setophaga dominica
595,47340,9672,Insecta,Odorous House Ant,Tapinoma sessile
596,51077,9648,Plantae,Yellow Mariposa Lily,Calochortus luteus
597,170070,9643,Plantae,Mexican buckeye,Ungnadia speciosa
598,77109,9642,Plantae,wild poinsettia,Euphorbia cyathophora
599,144011,9635,Insecta,Red-belted Bumble Bee,Bombus rufocinctus
600,60276,9630,Plantae,Rescue Brome,Bromus catharticus
601,85317,9623,Insecta,Goldenrod Gall Fly,Eurosta solidaginis
602,120507,9609,Plantae,snow-on-the-mountain,Euphorbia marginata
603,60241,9572,Plantae,Yerba Mansa,Anemopsis californica
604,460365,9550,Mollusca,Black Tegula,Tegula funebralis
605,57157,9544,Plantae,Greater Quaking Grass,Briza maxima
606,335051,9539,Fungi,golden reishi,Ganoderma curtisii
607,135211,9531,Plantae,Texas yellow star,Lindheimera texana
608,120154,9517,Fungi,Western Hardwood Sulphur Shelf,Laetiporus gilbertsonii
609,52671,9507,Plantae,coastal woodfern,Dryopteris arguta
610,1520980,9484,Mollusca,Hopkins' Rose Nudibranch,Ceratodoris rosacea
611,73149,9476,Aves,Northern Waterthrush,Parkesia noveboracensis
612,3865,9473,Aves,Pectoral Sandpiper,Calidris melanotos
613,73887,9470,Reptilia,Red Cornsnake,Pantherophis guttatus
614,203827,9468,Plantae,Quihoui privet,Ligustrum quihoui
615,204420,9468,Plantae,trailing fuzzy-bean,Strophostyles helvola
616,126633,9460,Plantae,Mexican Ruellia,Ruellia simplex
617,199870,9435,Insecta,Meal moth,Pyralis farinalis
618,145229,9425,Aves,Hooded Warbler,Setophaga citrina
619,1286964,9419,Aves,Short-billed Gull,Larus brachyrhynchus
620,319724,9396,Insecta,Kern's Flower Scarab,Euphoria kernii
621,99911,9395,Insecta,Stream Bluet,Enallagma exsulans
622,129021,9394,Plantae,honewort,Cryptotaenia canadensis
623,313246,9387,Insecta,Ashy Gray Lady Beetle,Olla v-nigrum
624,129418,9381,Plantae,Chain-fruit Cholla,Cylindropuntia fulgida
625,36080,9380,Reptilia,Zebra-tailed Lizard,Callisaurus draconoides
626,75408,9379,Plantae,Burrobush,Ambrosia dumosa
627,114314,9366,Insecta,Red Saddlebags,Tramea onusta
628,84261,9361,Plantae,green dragon,Arisaema dracontium
629,202438,9357,Fungi,Hairy Hexagonia,Hexagonia hydnoides
630,126563,9348,Plantae,eastern gamagrass,Tripsacum dactyloides
631,118531,9347,Insecta,Maple Looper Moth,Parallelia bistriaris
632,119651,9346,Plantae,hairy ruellia,Ruellia humilis
633,18161,9339,Aves,Gila Woodpecker,Melanerpes uropygialis
634,76955,9339,Plantae,Thick-leaved Yerba Santa,Eriodictyon crassifolium
635,170393,9331,Plantae,Twisted-leaf Yucca,Yucca rupicola
636,3936,9330,Aves,American Woodcock,Scolopax minor
637,55960,9324,Reptilia,Common Sagebrush Lizard,Sceloporus graciosus
638,126106,9324,Insecta,Clymene Moth,Haploa clymene
639,322972,9323,Insecta,Hackberry Nipplegall Psyllid,Pachypsylla celtidismamma
640,1031780,9305,Fungi,False Turkeytail,Stereum lobatum
641,117438,9304,Plantae,cutleaf teasel,Dipsacus laciniatus
642,56992,9302,Plantae,sweet alyssum,Lobularia maritima
643,84286,9300,Insecta,Northern Walkingstick,Diapheromera femorata
644,36076,9295,Reptilia,Greater Earless Lizard,Cophosaurus texanus
645,81554,9294,Actinopterygii,Channel Catfish,Ictalurus punctatus
646,56032,9288,Plantae,California Maidenhair Fern,Adiantum jordanii
647,1616972,9287,Plantae,Maritime Bushy Bluestem,Anatherum tenuispatheum
648,6571,9286,Aves,Chimney Swift,Chaetura pelagica
649,547193,9280,Reptilia,Common Coachwhip,Masticophis flagellum
650,145236,9278,Aves,Bay-breasted Warbler,Setophaga castanea
651,145240,9276,Aves,Blackpoll Warbler,Setophaga striata
652,10254,9273,Aves,Red-crested Cardinal,Paroaria coronata
653,204454,9254,Aves,Common Myna,Acridotheres tristis
654,501742,9252,Plantae,blue columbine,Aquilegia coerulea
655,136384,9237,Plantae,Yellow Crownbeard,Verbesina occidentalis
656,60541,9235,Plantae,Great Plains yucca,Yucca glauca
657,94577,9211,Insecta,Dusky Dancer,Argia translata
658,68087,9181,Plantae,white fir,Abies concolor
659,224855,9178,Insecta,Indomitable Graphic Moth,Melipotis indomita
660,68182,9173,Plantae,Sun Cup,Taraxia ovata
661,59128,9161,Insecta,Great Purple Hairstreak,Atlides halesus
662,133788,9161,Insecta,Southern Carpenter Bee,Xylocopa micans
663,84160,9159,Plantae,American lotus,Nelumbo lutea
664,165197,9150,Plantae,Pearl Milkweed,Matelea reticulata
665,132767,9144,Plantae,leatherleaf,Chamaedaphne calyculata
666,35330,9120,Reptilia,Common Chuckwalla,Sauromalus ater
667,48682,9118,Plantae,Steeplebush,Spiraea tomentosa
668,125475,9118,Insecta,Moonseed Moth,Plusiodonta compressipalpis
669,128032,9117,Plantae,Paper mulberry,Broussonetia papyrifera
670,84224,9115,Fungi,Berkeley's Polypore,Bondarzewia berkeleyi
671,244815,9092,Plantae,Texas creeping-oxeye,Wedelia hispida
672,53403,9080,Plantae,French broom,Genista monspessulana
673,129362,9079,Insecta,Southern Dogface,Zerene cesonia
674,130192,9074,Plantae,Maximilian sunflower,Helianthus maximiliani
675,101204,9062,Actinopterygii,Eastern Mosquitofish,Gambusia holbrooki
676,59524,9049,Plantae,common beargrass,Xerophyllum tenax
677,168220,9044,Plantae,violet ruellia,Ruellia nudiflora
678,34050,9038,Reptilia,Gold Dust Day Gecko,Phelsuma laticauda
679,84333,9027,Insecta,Beautiful Wood-nymph,Eudryas grata
680,127020,9012,Plantae,prairie phlox,Phlox pilosa
681,144497,9010,Aves,Wilson's Phalarope,Phalaropus tricolor
682,3941,8998,Aves,Black Turnstone,Arenaria melanocephala
683,49345,8995,Plantae,Notch-leaf Scorpionweed,Phacelia crenulata
684,43188,8990,Mammalia,American Pika,Ochotona princeps
685,52108,8977,Plantae,Desert Broom,Baccharis sarothroides
686,68309,8972,Fungi,Luminescent Panellus,Panellus stipticus
687,49578,8967,Fungi,lace lichen,Ramalina menziesii
688,121716,8960,Insecta,Genista Broom Moth,Uresiphita reversalis
689,508884,8958,Mollusca,San Diego Dorid,Diaulula sandiegensis
690,141767,8955,Plantae,Culver's root,Veronicastrum virginicum
691,52173,8921,Plantae,California buttercup,Ranunculus californicus
692,155299,8918,Plantae,Prairie Tea,Croton monanthogynus
693,127638,8908,Plantae,Caesar weed,Urena lobata
694,60447,8906,Plantae,ʻŌhiʻa Lehua,Metrosideros polymorpha
695,125343,8900,Mollusca,Common Atlantic Slippersnail,Crepidula fornicata
696,77600,8899,Plantae,Utah Juniper,Juniperus osteosperma
697,133354,8891,Plantae,sourwood,Oxydendrum arboreum
698,51735,8881,Plantae,Elegant Clarkia,Clarkia unguiculata
699,155085,8864,Insecta,Perplexing Bumble Bee,Bombus perplexus
700,1592845,8864,Plantae,Rocky Mountains Ponderosa Pine,Pinus scopulorum
701,142928,8849,Plantae,Japanese pachysandra,Pachysandra terminalis
702,145237,8849,Aves,Blackburnian Warbler,Setophaga fusca
703,131557,8846,Plantae,creeping cucumber,Melothria pendula
704,51288,8842,Plantae,creamcups,Platystemon californicus
705,84271,8826,Fungi,devil's dipstick,Mutinus elegans
706,3607,8825,Aves,Zebra Dove,Geopelia striata
707,61651,8824,Insecta,Red-footed Cannibal Fly,Promachus rufipes
708,489730,8819,Insecta,Dotted Paropsine Leaf Beetle,Paropsis atomaria
709,59195,8807,Insecta,Eufala Skipper,Lerodea eufala
710,78445,8806,Plantae,Emory's rockdaisy,Perityle emoryi
711,5301,8794,Aves,Swallow-tailed Kite,Elanoides forficatus
712,48655,8790,Mollusca,California Seahare,Aplysia californica
713,61010,8789,Plantae,coastal bush lupine,Lupinus arboreus
714,104551,8779,Insecta,Dot-tailed Whiteface,Leucorrhinia intacta
715,143792,8769,Plantae,Chinese pistache,Pistacia chinensis
716,84644,8768,Arachnida,European Harvestman,Phalangium opilio
717,1109245,8766,Fungi,golden ear,Naematelia aurantia
718,57889,8743,Plantae,California juniper,Juniperus californica
719,129433,8742,Plantae,fetterbush lyonia,Lyonia lucida
720,477740,8742,Arachnida,,Tigrosa annexa
721,56759,8738,Plantae,arroyo lupine,Lupinus succulentus
722,132789,8727,Insecta,Garden Tortrix,Clepsis peritana
723,64238,8725,Plantae,puncture vine,Tribulus terrestris
724,155045,8723,Plantae,Poverty Weed,Baccharis neglecta
725,47381,8721,Arachnida,Southern Black Widow,Latrodectus mactans
726,61340,8716,Plantae,field thistle,Cirsium discolor
727,48364,8715,Plantae,diamond-flowers,Stenaria nigricans
728,204173,8714,Plantae,naked-flowered tick-trefoil,Hylodesmum nudiflorum
729,120026,8696,Plantae,Drummond's rain lily,Zephyranthes drummondii
730,10487,8684,Aves,Bobolink,Dolichonyx oryzivorus
731,27420,8684,Amphibia,Northern Dusky Salamander,Desmognathus fuscus
732,57877,8667,Plantae,desert lily,Hesperocallis undulata
733,56840,8661,Plantae,Purple Sanicle,Sanicula bipinnatifida
734,321684,8654,Arachnida,Georgia Wolf Spider,Tigrosa georgicola
735,1038409,8652,Insecta,Tropical Checkered-Skipper,Burnsius oileus
736,41482,8650,Mammalia,Common Bottlenose Dolphin,Tursiops truncatus
737,104449,8649,Insecta,Slender Spreadwing,Lestes rectangularis
738,39826,8647,Reptilia,Northern Red-bellied Cooter,Pseudemys rubriventris
739,75770,8633,Plantae,American bistort,Bistorta bistortoides
740,5034,8616,Aves,American Bittern,Botaurus lentiginosus
741,62624,8609,Arachnida,Putnam's Jumping Spider,Phidippus putnami
742,81561,8606,Insecta,Goatweed Leafwing,Anaea andria
743,127635,8602,Insecta,Common Lovebug,Plecia nearctica
744,117633,8601,Mollusca,Mossy Chiton,Mopalia muscosa
745,127906,8592,Plantae,sweetbay magnolia,Magnolia virginiana
746,209238,8586,Plantae,Texas toadflax,Linaria texana
747,81836,8583,Plantae,goat's rue,Tephrosia virginiana
748,50825,8569,Plantae,California Golden Violet,Viola pedunculata
749,81528,8565,Plantae,Sundial Lupine,Lupinus perennis
750,143440,8562,Insecta,Catalpa Sphinx,Ceratomia catalpae
751,118028,8561,Fungi,Orange Jelly Spot,Dacrymyces chrysospermus
752,84668,8553,Plantae,Meadow Pink,Sabatia campestris
753,64984,8548,Amphibia,Red-spotted Toad,Anaxyrus punctatus
754,58361,8547,Plantae,Splendid Mariposa Lily,Calochortus splendens
755,350821,8547,Fungi,,Ganoderma sessile
756,59780,8542,Plantae,Elephant's-Head lousewort,Pedicularis groenlandica
757,37769,8535,Reptilia,Western Skink,Plestiodon skiltonianus
758,27388,8533,Reptilia,Common Wormsnake,Carphophis amoenus
759,49673,8516,Plantae,Buckbrush,Ceanothus cuneatus
760,58137,8491,Plantae,lanceleaf liveforever,Dudleya lanceolata
761,52529,8470,Fungi,Stinking Orange Oyster,Phyllotopsis nidulans
762,6369,8469,Aves,Broad-tailed Hummingbird,Selasphorus platycercus
763,67737,8452,Insecta,Blue-eyed Darner,Rhionaeschna multicolor
764,145088,8440,Aves,Varied Thrush,Ixoreus naevius
765,179113,8440,Fungi,Trembling Crust,Merulius tremellosus
766,6948,8436,Aves,Mottled Duck,Anas fulvigula
767,62803,8424,Mollusca,Pacific Sideband,Monadenia fidelis
768,121951,8420,Plantae,prairie dock,Silphium terebinthinaceum
769,39807,8408,Reptilia,Ornate Box Turtle,Terrapene ornata
770,73592,8401,Reptilia,Northwestern Pond Turtle,Actinemys marmorata
771,7643,8397,Aves,American Dipper,Cinclus mexicanus
772,1280,8371,Aves,Northern Bobwhite,Colinus virginianus
773,49053,8368,Mollusca,Gumboot Chiton,Cryptochiton stelleri
774,76447,8352,Plantae,Pacific Dogwood,Cornus nuttallii
775,118913,8351,Insecta,Common Aerial Yellowjacket,Dolichovespula arenaria
776,55133,8348,Plantae,Big Berry Manzanita,Arctostaphylos glauca
777,42007,8344,Mammalia,Mountain Lion,Puma concolor
778,127941,8338,Plantae,winecup mallow,Callirhoe involucrata
779,148907,8325,Insecta,Filbertworm Moth,Cydia latiferreana
780,143446,8304,Insecta,Small-eyed Sphinx,Paonias myops
781,58211,8287,Plantae,Downy Forestiera,Forestiera pubescens
782,57723,8279,Plantae,Pride of Madeira,Echium candicans
783,12951,8278,Aves,Townsend's Solitaire,Myadestes townsendi
784,159836,8275,Plantae,narrow-leaved bittercress,Cardamine impatiens
785,890,8270,Aves,Ruffed Grouse,Bonasa umbellus
786,489286,8268,Plantae,desert lavender,Condea emoryi
787,77132,8260,Plantae,Apache plume,Fallugia paradoxa
788,63977,8254,Plantae,Birchleaf Mountain Mahogany,Cercocarpus betuloides
789,133294,8251,Plantae,shaggy portulaca,Portulaca pilosa
790,122228,8247,Insecta,Saddleback Caterpillar Moth,Acharia stimulea
791,228593,8237,Insecta,Hebrew Moth,Polygrammate hebraeicum
792,77248,8231,Plantae,Desert Sunflower,Geraea canescens
793,61607,8214,Insecta,Northeastern Hammertail,Efferia aestuans
794,52588,8204,Plantae,Yellow Star-Thistle,Centaurea solstitialis
795,51536,8203,Insecta,Great Southern White,Ascia monuste
796,120596,8200,Arachnida,Texas Brown Tarantula,Aphonopelma hentzi
797,48952,8190,Plantae,squirrel corn,Dicentra canadensis
798,125743,8187,Fungi,Ravenel's stinkhorn,Phallus ravenelii
799,55773,8186,Insecta,Maroon-legged Lion Fly,Promachus hinei
800,54654,8177,Plantae,white fringetree,Chionanthus virginicus
801,12901,8174,Aves,Veery,Catharus fuscescens
802,143662,8174,Insecta,Brown Prionid,Orthosoma brunneum
803,49596,8172,Actinopterygii,Brook Trout,Salvelinus fontinalis
804,118967,8171,Insecta,Twenty-spotted Lady Beetle,Psyllobora vigintimaculata
805,319815,8152,,Star Jelly,Nostoc commune
806,81801,8151,Plantae,Rusty Blackhaw,Viburnum rufidulum
807,4896,8149,Aves,Pacific Golden-Plover,Pluvialis fulva
808,58478,8148,Insecta,Wild Indigo Duskywing,Erynnis baptisiae
809,170271,8148,Plantae,Lilac chaste tree,Vitex agnus-castus
810,76290,8146,Plantae,desert willow,Chilopsis linearis
811,120499,8132,Chromista,Bull Kelp,Nereocystis luetkeana
812,53284,8129,Fungi,Questionable Stropharia,Stropharia ambigua
813,48262,8128,Insecta,Spotted Apatelodes Moth,Apatelodes torrefacta
814,52618,8128,Plantae,Yellow Sand Verbena,Abronia latifolia
815,69813,8119,Plantae,lanceleaf arrowhead,Sagittaria lancifolia
816,7111,8110,Aves,Harlequin Duck,Histrionicus histrionicus
817,57250,8102,Plantae,hollyleaf cherry,Prunus ilicifolia
818,130898,8076,Plantae,citronella horse balm,Collinsonia canadensis
819,125482,8063,Plantae,Canada clearweed,Pilea pumila
820,81656,8060,Insecta,Horned Spanworm Moth,Nematocampa resistaria
821,84188,8057,Insecta,False Potato Beetle,Leptinotarsa juncta
822,127609,8052,Plantae,jetbead,Rhodotypos scandens
823,128698,8048,Plantae,Brazilian Vervain,Verbena brasiliensis
824,99647,8044,Insecta,Swift Setwing,Dythemis velox
825,53212,8043,Plantae,Small-flowered Catchfly,Silene gallica
826,132468,8038,Insecta,Fall Armyworm Moth,Spodoptera frugiperda
827,27390,8029,Amphibia,Allegheny Mountain Dusky Salamander,Desmognathus ochrophaeus
828,49594,8024,Actinopterygii,Black Crappie,Pomoxis nigromaculatus
829,117444,8019,Plantae,southern blue flag,Iris virginica
830,130554,8015,Plantae,wild hydrangea,Hydrangea arborescens
831,75537,8009,Plantae,greenleaf manzanita,Arctostaphylos patula
832,54770,8004,Plantae,American hazelnut,Corylus americana
833,50840,7983,Plantae,Tolmie's pussy ears,Calochortus tolmiei
834,126568,7978,Insecta,Rustic Sphinx,Manduca rustica
835,78623,7970,Plantae,white bog orchid,Platanthera dilatata
836,145289,7967,Aves,Canyon Towhee,Melozone fusca
837,142655,7966,Plantae,cobaea beardtongue,Penstemon cobaea
838,10139,7964,Aves,Grasshopper Sparrow,Ammodramus savannarum
839,47325,7957,Plantae,Purple Chinese Houses,Collinsia heterophylla
840,793756,7935,Plantae,western harebell,Campanula petiolata
841,203352,7934,Insecta,End Band Net-winged Beetle,Calopteron terminale
842,1650411,7932,Aves,Evening Grosbeak,Hesperiphona vespertina
843,68229,7931,Insecta,Carolina Saddlebags,Tramea carolina
844,128095,7923,Plantae,bladder sedge,Carex intumescens
845,149017,7923,Insecta,Blackberry Looper Moth,Chlorochlamys chloroleucaria
846,133790,7922,Insecta,Common Blue Mud-dauber Wasp,Chalybion californicum
847,100215,7909,Insecta,Prince Baskettail,Epitheca princeps
848,131862,7905,Insecta,Banded Longhorn Beetle,Typocerus velutinus
849,58416,7899,Arachnida,Brilliant Jumping Spider,Phidippus clarus
850,168843,7893,Plantae,Lindheimer's Senna,Senna lindheimeriana
851,123118,7890,Plantae,cenizo,Leucophyllum frutescens
852,78387,7886,Plantae,Green Arrow Arum,Peltandra virginica
853,57312,7885,Plantae,slender vetch,Vicia ludoviciana
854,82425,7883,Insecta,Bronzed Tiger Beetle,Cicindela repanda
855,104574,7879,Insecta,Neon Skimmer,Libellula croceipennis
856,50824,7877,Plantae,Fuchsiaflower Gooseberry,Ribes speciosum
857,126376,7876,Plantae,Asian mazus,Mazus pumilus
858,57137,7875,Plantae,southern coastal bushmallow,Malacothamnus fasciculatus
859,58539,7873,Insecta,Banded Hairstreak,Satyrium calanus
860,129041,7866,Insecta,Summer Fishfly,Chauliodes pectinicornis
861,4627,7860,Aves,Red-throated Loon,Gavia stellata
862,126890,7857,Plantae,Trailing Rhatany,Krameria lanceolata
863,68303,7853,Plantae,wild canterbury bells,Phacelia minor
864,123634,7841,Plantae,Little Sweet Betsy,Trillium cuneatum
865,84666,7837,Plantae,Rosepink,Sabatia angularis
866,48595,7831,Plantae,hoary puccoon,Lithospermum canescens
867,55263,7831,Insecta,Hunter's Little Paper Wasp,Polistes dorsalis
868,58144,7829,Plantae,smallseed sandmat,Euphorbia polycarpa
869,119813,7827,Plantae,black cohosh,Actaea racemosa
870,130380,7825,Plantae,rough blazing star,Liatris aspera
871,55553,7819,Fungi,Golden-eye Lichen,Teloschistes chrysophthalmus
872,319974,7814,Plantae,scarlet monkeyflower,Erythranthe cardinalis
873,146354,7809,Reptilia,Blainville's Horned Lizard,Phrynosoma blainvillii
874,143338,7801,Insecta,Virginia Giant Hover Fly,Milesia virginiensis
875,224756,7792,Insecta,Pine tree Spur-throat Grasshopper,Melanoplus punctulatus
876,39858,7790,Reptilia,Northern Map Turtle,Graptemys geographica
877,126905,7789,Insecta,Grapeleaf Skeletonizer Moth,Harrisina americana
878,132685,7763,Plantae,whitetop sedge,Rhynchospora colorata
879,55367,7756,Plantae,beach strawberry,Fragaria chiloensis
880,143118,7755,Insecta,Pink-barred Pseudeustrotia Moth,Pseudeustrotia carneola
881,77776,7749,Plantae,Balkan toadflax,Linaria dalmatica
882,82832,7748,Insecta,Twice-stabbed Stink Bug,Cosmopepla lintneriana
883,132219,7747,Plantae,summer bluet,Houstonia purpurea
884,63916,7745,Plantae,black maidenhair fern,Adiantum capillus-veneris
885,194690,7740,Insecta,Red Harvester Ant,Pogonomyrmex barbatus
886,28398,7728,Reptilia,Western Terrestrial Garter Snake,Thamnophis elegans
887,462132,7727,Fungi,American yellow morel,Morchella americana
888,50150,7725,Plantae,chuparosa,Justicia californica
889,22631,7723,Amphibia,Greenhouse Frog,Eleutherodactylus planirostris
890,121217,7720,Fungi,Chip Cherries,Leratiomyces ceres
891,469277,7698,Insecta,Superb Dog-day Cicada,Neotibicen superbus
892,50876,7697,Plantae,tidy tips,Layia platyglossa
893,81526,7697,Reptilia,Prairie Rattlesnake,Crotalus viridis
894,117309,7695,Plantae,harbinger of spring,Erigenia bulbosa
895,24255,7679,Amphibia,Boreal Chorus Frog,Pseudacris maculata
896,146750,7674,Insecta,Ambiguous Moth,Lascoria ambigualis
897,116364,7673,Plantae,nodding onion,Allium cernuum
898,161945,7670,Plantae,southern bush monkeyflower,Diplacus longiflorus
899,58819,7661,Plantae,Clustered Tarweed,Deinandra fasciculata
900,118855,7659,Insecta,Fiery Searcher,Calosoma scrutator
901,49614,7655,Actinopterygii,Pumpkinseed,Lepomis gibbosus
902,63886,7653,Plantae,pale smartweed,Persicaria lapathifolia
903,131588,7640,Plantae,Rust Weed,Polypremum procumbens
904,138980,7629,Plantae,Scarlet Pea,Indigofera miniata
905,165994,7627,Plantae,mountain woodsorrel,Oxalis montana
906,76765,7616,Plantae,False Daisy,Eclipta prostrata
907,119609,7613,Plantae,leafy elephant's-foot,Elephantopus carolinianus
908,10411,7612,Aves,Red Crossbill,Loxia curvirostra
909,124420,7610,Insecta,California Bumble Bee,Bombus californicus
910,126799,7610,Plantae,cream violet,Viola striata
911,50713,7609,Plantae,yellow lady's slipper,Cypripedium parviflorum
912,48990,7601,Plantae,California fetid adderstongue,Scoliopus bigelovii
913,50181,7600,Arachnida,Brown Recluse,Loxosceles reclusa
914,64043,7592,Plantae,Snowbrush Ceanothus,Ceanothus velutinus
915,133268,7591,Insecta,Hump-backed Beewolf,Philanthus gibbosus
916,326137,7582,Insecta,Hackberry Petiole Gall Psyllid,Pachypsylla venusta
917,125721,7581,Plantae,stiff-leaved goldenrod,Solidago rigida
918,8520,7579,Aves,Clark's Nutcracker,Nucifraga columbiana
919,133054,7570,Arachnida,Dimorphic Jumping Spider,Maevia inclemens
920,62671,7567,Plantae,kudzu,Pueraria montana
921,129094,7562,Insecta,Red-legged Grasshopper,Melanoplus femurrubrum
922,126891,7560,Plantae,narrowleaf mountainmint,Pycnanthemum tenuifolium
923,9182,7556,Aves,Harris's Sparrow,Zonotrichia querula
924,55342,7548,Plantae,Redwood Violet,Viola sempervirens
925,152979,7539,Insecta,Subterranean Dart,Feltia subterranea
926,200053,7534,Plantae,prostrate sandmat,Euphorbia prostrata
927,146713,7531,Insecta,Grateful Midget,Elaphria grata
928,225793,7530,Insecta,Two-spotted Tree Cricket,Neoxabea bipunctata
929,76301,7529,Plantae,crossflower,Chorispora tenella
930,58371,7510,Plantae,Bermuda grass,Cynodon dactylon
931,4234,7495,Aves,Clark's Grebe,Aechmophorus clarkii
932,94551,7495,Insecta,Kiowa Dancer,Argia immunda
933,60879,7483,Plantae,Beach Morning Glory,Ipomoea pes-caprae
934,360116,7473,Insecta,White-margined Burrowing Bug,Sehirus cinctus
935,52146,7463,Plantae,Mountain Pride,Penstemon newberryi
936,82302,7460,Plantae,swamp rose,Rosa palustris
937,198859,7457,Insecta,Lemon Cuckoo Bumble Bee,Bombus citrinus
938,99891,7454,Insecta,Azure Bluet,Enallagma aspersum
939,55489,7453,Insecta,Polished Lady Beetle,Cycloneda munda
940,167284,7451,Plantae,Texas Prairie Parsley,Polytaenia texana
941,84752,7447,Insecta,Greater Anglewing,Microcentrum rhombifolium
942,118473,7441,Plantae,Stringy Stonecrop,Sedum sarmentosum
943,450366,7438,Insecta,Two-lined Leatherwing,Atalantycha bilineata
944,117533,7431,Actinopterygii,Woolly Sculpin,Clinocottus analis
945,228855,7426,Insecta,Large Mossy Glyph,Protodeltote muscosula
946,49647,7423,Plantae,common starlily,Leucocrinum montanum
947,126293,7406,Insecta,Carpenterworm Moth,Prionoxystus robiniae
948,104575,7401,Insecta,Spangled Skimmer,Libellula cyanea
949,81709,7399,Insecta,Florida Carpenter Ant,Camponotus floridanus
950,789601,7399,Insecta,Belted Grass-veneer,Euchromius ocellea
951,49157,7398,Plantae,sweet birch,Betula lenta
952,127045,7397,Plantae,Helmet skullcap,Scutellaria integrifolia
953,121691,7393,Plantae,evergreen sumac,Rhus virens
954,130947,7393,Fungi,ceramic parchment,Xylobolus frustulatus
955,119827,7392,Plantae,American spikenard,Aralia racemosa
956,50806,7389,Plantae,silverpuffs,Uropappus lindleyi
957,209233,7387,Mammalia,Domestic Horse,Equus caballus
958,120403,7374,Plantae,purpletop tridens,Tridens flavus
959,197740,7372,Insecta,Springwater Dancer,Argia funebris
960,130124,7370,Plantae,Western Ironweed,Vernonia baldwinii
961,78220,7367,Plantae,desert tobacco,Nicotiana obtusifolia
962,52858,7366,Plantae,Western Wild Ginger,Asarum caudatum
963,78256,7361,Plantae,desert ironwood,Olneya tesota
964,153076,7351,Insecta,Bronzed Cutworm Moth,Nephelodes minians
965,226901,7350,Insecta,Red-lined Panopoda Moth,Panopoda rufimargo
966,904173,7350,Reptilia,Florida Cottonmouth,Agkistrodon conanti
967,73148,7349,Aves,Louisiana Waterthrush,Parkesia motacilla
968,32064,7337,Reptilia,Northern Alligator Lizard,Elgaria coerulea
969,61240,7335,Insecta,Agreeable Tiger Moth,Spilosoma congrua
970,166758,7330,Plantae,Chamberbitter,Phyllanthus urinaria
971,125773,7313,Fungi,Smokey-eyed Boulder Lichen,Porpidia albocaerulescens
972,75976,7312,Plantae,beach suncup,Camissoniopsis cheiranthifolia
973,127910,7308,Plantae,Earleaf Greenbrier,Smilax auriculata
974,740122,7300,Insecta,Resh Cicada,Megatibicen resh
975,170095,7298,Plantae,perfoliate bellwort,Uvularia perfoliata
976,143484,7293,Insecta,Hollow-spotted Blepharomastix Moth,Blepharomastix ranalis
977,78664,7287,Plantae,redwhisker clammyweed,Polanisia dodecandra
978,39824,7286,Reptilia,Florida Red-bellied Cooter,Pseudemys nelsoni
979,83893,7282,Plantae,wild quinine,Parthenium integrifolium
980,48152,7279,Plantae,hound's-tongue,Cynoglossum officinale
981,122091,7278,Plantae,blunt woodsia,Woodsia obtusa
982,52685,7274,Plantae,giant chain fern,Woodwardia fimbriata
983,59189,7273,Insecta,Mournful Duskywing,Erynnis tristis
984,49132,7258,Plantae,broadleaf forget-me-not,Myosotis latifolia
985,67792,7257,Plantae,deerberry,Vaccinium stamineum
986,1609409,7257,Plantae,prairie false indigo,Baptisia lactea
987,553515,7251,Amphibia,Cane Toad,Rhinella marina
988,61369,7242,Plantae,Bitter Melon,Momordica charantia
989,50075,7239,Insecta,Atala,Eumaeus atala
990,25545,7237,Amphibia,Northern Red-legged Frog,Rana aurora
991,78090,7237,Plantae,green carpetweed,Mollugo verticillata
992,126153,7235,Insecta,Nessus Sphinx,Amphion floridensis
993,143470,7229,Arachnida,Koch's Wolf Spider,Alopecosa kochi
994,77057,7218,Plantae,Texas stork's bill,Erodium texanum
995,76139,7215,Plantae,Desert Paintbrush,Castilleja chromosa
996,51087,7208,Plantae,Winecup Clarkia,Clarkia purpurea
997,147370,7208,Arachnida,flea jumping spider,Naphrys pulex
998,425250,7203,Insecta,Yellow-shouldered Drone Fly,Eristalis stipator
999,134119,7199,Insecta,Southern Two-striped Walkingstick,Anisomorpha buprestoides
1000,126565,7189,Plantae,cucumberleaf sunflower,Helianthus debilis
1001,126204,7186,Insecta,Wavy-lined Emerald,Synchlora aerata
1002,1650171,7184,Insecta,Whirlabout,Hedone vibex
1003,63585,7183,Fungi,Late Oyster,Sarcomyxa serotina
1004,169171,7182,Plantae,shrubby false buttonweed,Spermacoce verticillata
1005,61513,7168,Insecta,Hemlock Woolly Adelgid,Adelges tsugae
1006,82515,7162,Plantae,shinleaf,Pyrola elliptica
1007,6994,7159,Aves,Barrow's Goldeneye,Bucephala islandica
1008,81595,7148,Plantae,three-toothed cinquefoil,Sibbaldiopsis tridentata
1009,125902,7142,Plantae,Purple Cress,Cardamine douglassii
1010,83456,7128,Plantae,swamp loosestrife,Decodon verticillatus
1011,225604,7127,Insecta,Broad-tipped Conehead,Neoconocephalus triops
1012,53038,7125,Plantae,spoonleaf sundew,Drosera intermedia
1013,1415100,7125,Plantae,Rocky Mountain Beeplant,Cleomella serrulata
1014,121180,7122,Mollusca,Wavy Turban,Megastraea undosa
1015,84792,7115,Insecta,Silver-spotted Tiger Moth,Lophocampa argentata
1016,58308,7114,Plantae,hollyleaf redberry,Rhamnus ilicifolia
1017,154553,7111,Insecta,Western Leaf-footed Bug,Leptoglossus clypealis
1018,59035,7110,Plantae,American black nightshade,Solanum americanum
1019,61824,7104,Plantae,Alsike clover,Trifolium hybridum
1020,83152,7103,Plantae,Virginia sweetspire,Itea virginica
1021,67793,7094,Plantae,Atlantic camas,Camassia scilloides
1022,119146,7093,Plantae,woodland pinkroot,Spigelia marilandica
1023,154551,7088,Insecta,,Leptoglossus zonatus
1024,58892,7087,Plantae,pointleaf manzanita,Arctostaphylos pungens
1025,147309,7082,Insecta,Master's Dart,Feltia herilis
1026,154333,7080,Insecta,Smoky Tetanolita Moth,Tetanolita mynesalis
1027,3959,7079,Aves,Red-necked Phalarope,Phalaropus lobatus
1028,1470429,7078,Insecta,Western Earwig,Forficula dentata
1029,81605,7077,Plantae,common yucca,Yucca filamentosa
1030,77264,7075,Plantae,sticky geranium,Geranium viscosissimum
1031,782231,7068,Fungi,Painted Suillus,Suillus spraguei
1032,363481,7065,Plantae,beach naupaka,Scaevola taccada
1033,51071,7064,Plantae,Hooker's fairybells,Prosartes hookeri
1034,53577,7062,Insecta,Tulip-tree Silkmoth,Callosamia angulifera
1035,64105,7060,Plantae,greenspot nightshade,Solanum douglasii
1036,75602,7059,Plantae,tropical milkweed,Asclepias curassavica
1037,9148,7045,Aves,Clay-colored Sparrow,Spizella pallida
1038,94513,7045,Insecta,Great Spreadwing,Archilestes grandis
1039,62924,7041,Plantae,Madagascar Periwinkle,Catharanthus roseus
1040,3545,7039,Aves,Common Ground Dove,Columbina passerina
1041,220398,7033,Insecta,Texas Gray,Glenoides texanaria
1042,120181,7032,Plantae,whorled wood aster,Oclemena acuminata
1043,68089,7031,Plantae,mountain hemlock,Tsuga mertensiana
1044,47360,7029,Plantae,Bitterroot,Lewisia rediviva
1045,84428,7028,Insecta,Arched Hooktip Moth,Drepana arcuata
1046,135883,7023,Plantae,Rocky Mountain Juniper,Juniperus scopulorum
1047,82558,7020,Plantae,walking fern,Asplenium rhizophyllum
1048,58029,7014,Plantae,desert dandelion,Malacothrix glabrata
1049,211012,7011,Insecta,Black-dotted Glyph,Maliattha synochitis
1050,221498,6999,Insecta,Witch-hazel Cone Gall Aphid,Hormaphis hamamelidis
1051,77967,6998,Plantae,Snapdragon Vine,Maurandella antirrhiniflora
1052,50642,6992,Plantae,Red larkspur,Delphinium nudicaule
1053,194786,6992,Insecta,Narcissus Bulb Fly,Merodon equestris
1054,113526,6986,Insecta,Band-winged Meadowhawk,Sympetrum semicinctum
1055,145254,6982,Aves,Black-throated Gray Warbler,Setophaga nigrescens
1056,334439,6974,Arachnida,Poison Ivy Leaf Mite,Aculops rhois
1057,39822,6971,Reptilia,Texas Cooter,Pseudemys texana
1058,28390,6970,Reptilia,Checkered Garter Snake,Thamnophis marcianus
1059,85490,6959,Plantae,American lopseed,Phryma leptostachya
1060,55264,6958,Insecta,Northern Plushback,Palpada vinetorum
1061,3869,6953,Aves,Short-billed Dowitcher,Limnodromus griseus
1062,143393,6952,Fungi,Red Chanterelle,Cantharellus cinnabarinus
1063,974663,6952,Fungi,Northern Cinnabar Polypore,Trametes cinnabarina
1064,163256,6950,Plantae,pinewoods geranium,Geranium caespitosum
1065,164984,6945,Plantae,Texas Skeleton Plant,Lygodesmia texana
1066,70222,6939,Fungi,Aborted entoloma,Entoloma abortivum
1067,6141,6930,Aves,Broad-billed Hummingbird,Cynanthus latirostris
1068,76567,6930,Plantae,Coast Cholla,Cylindropuntia prolifera
1069,57121,6929,Plantae,giant blue sage,Salvia azurea
1070,9958,6928,Aves,Rufous-crowned Sparrow,Aimophila ruficeps
1071,122081,6911,Plantae,broad beech fern,Phegopteris hexagonoptera
1072,50857,6907,Plantae,caterpillar scorpionweed,Phacelia cicutaria
1073,77411,6891,Plantae,flower-of-an-hour,Hibiscus trionum
1074,55437,6877,Plantae,Fiesta Flower,Pholistoma auritum
1075,127691,6875,Plantae,redring milkweed,Asclepias variegata
1076,135271,6871,Insecta,Spongy Oak Apple Gall Wasp,Amphibolips confluenta
1077,168852,6856,Plantae,Two-leaved Senna,Senna roemeriana
1078,123175,6850,Fungi,Oakmoss,Evernia prunastri
1079,58372,6846,Plantae,Saltgrass,Distichlis spicata
1080,54875,6845,Plantae,Vinegar Weed,Trichostema lanceolatum
1081,119988,6839,Insecta,Double-banded Scoliid Wasp,Scolia bicincta
1082,100034,6833,Insecta,Swamp Darner,Epiaeschna heros
1083,84369,6828,Insecta,Eight-spotted Skimmer,Libellula forensis
1084,58564,6820,Insecta,Meadow Fritillary,Boloria bellona
1085,118501,6817,Insecta,Orange Wing,Mellilla xanthometata
1086,153842,6817,Arachnida,White-jawed Jumping Spider,Hentzia mitrata
1087,56854,6816,Plantae,American trailplant,Adenocaulon bicolor
1088,118961,6815,Insecta,Short-winged Meadow Katydid,Conocephalus brevipennis
1089,5181,6812,Aves,Ferruginous Hawk,Buteo regalis
1090,53177,6812,Plantae,dot-seed plantain,Plantago erecta
1091,57858,6810,Plantae,blue water-speedwell,Veronica anagallis-aquatica
1092,82811,6810,Plantae,purple-stem cliffbrake,Pellaea atropurpurea
1093,126303,6810,Plantae,sea oats,Uniola paniculata
1094,62367,6803,Plantae,narrowleaf cow wheat,Melampyrum lineare
1095,24254,6800,Amphibia,California Tree Frog,Pseudacris cadaverina
1096,323780,6796,Insecta,Carpenter-mimic Leafcutter Bee,Megachile xylocopoides
1097,18976,6793,Aves,Red-crowned Amazon,Amazona viridigenalis
1098,42414,6791,Mammalia,Mountain Goat,Oreamnos americanus
1099,75867,6790,Plantae,Watershield,Brasenia schreberi
1100,50858,6789,Plantae,Blue Curls,Phacelia congesta
1101,144515,6787,Aves,Franklin's Gull,Leucophaeus pipixcan
1102,82324,6785,Plantae,Pigeonwings,Clitoria mariana
1103,554401,6785,Plantae,Brazos rain-lily,Zephyranthes chlorosolen
1104,143293,6779,Arachnida,Striped Fishing Spider,Dolomedes scriptus
1105,16110,6777,Aves,Olive-sided Flycatcher,Contopus cooperi
1106,9081,6766,Aves,Pyrrhuloxia,Cardinalis sinuatus
1107,48214,6766,Mollusca,Slender Banana Slug,Ariolimax dolichophallus
1108,126530,6762,Insecta,Common Oak Moth,Phoberia atomaris
1109,58202,6750,Plantae,cheeseweed mallow,Malva parviflora
1110,128078,6749,Plantae,Gray's sedge,Carex grayi
1111,60428,6746,Insecta,Ferruginous Tiger Crane Fly,Nephrotoma ferruginea
1112,75732,6745,Plantae,Herb-of-Grace,Bacopa monnieri
1113,132473,6745,Actinopterygii,Pinfish,Lagodon rhomboides
1114,69155,6743,Chromista,Rockweed,Fucus distichus
1115,129505,6739,Plantae,showy tick-trefoil,Desmodium canadense
1116,125386,6736,Plantae,poke milkweed,Asclepias exaltata
1117,200073,6735,Plantae,clasping coneflower,Rudbeckia amplexicaulis
1118,81674,6733,Insecta,Spotted Grass Moth,Rivula propinqualis
1119,62984,6732,Insecta,Asian Tiger Mosquito,Aedes albopictus
1120,164038,6731,Plantae,Chinese holly,Ilex cornuta
1121,16956,6730,Aves,Great Kiskadee,Pitangus sulphuratus
1122,204148,6729,Plantae,rock harlequin,Capnoides sempervirens
1123,81984,6724,Arachnida,Six-spotted Orbweaver,Araniella displicata
1124,132339,6724,Insecta,Texan Crescent,Anthanassa texana
1125,76333,6723,Plantae,Browneyes,Chylismia claviformis
1126,144220,6723,Aves,Black Scoter,Melanitta americana
1127,209807,6722,Arachnida,Western Lynx Spider,Oxyopes scalaris
1128,136548,6721,Insecta,Spiny Oak-slug Moth,Euclea delphinii
1129,218048,6713,Insecta,Asian Oak Weevil,Cyrtepistomus castaneus
1130,59567,6709,Plantae,giant sequoia,Sequoiadendron giganteum
1131,787944,6703,Fungi,oak bracket,Pseudoinonotus dryadeus
1132,131000,6698,Plantae,deertongue,Dichanthelium clandestinum
1133,52542,6688,Plantae,Leichtlin's Mariposa Lily,Calochortus leichtlinii
1134,128942,6687,Plantae,starry campion,Silene stellata
1135,60522,6684,Plantae,Columbian Monkshood,Aconitum columbianum
1136,243904,6683,Reptilia,Desert Horned Lizard,Phrynosoma platyrhinos
1137,79488,6664,Plantae,Bigbract Verbena,Verbena bracteata
1138,163767,6663,Plantae,Halberd-leaf Rosemallow,Hibiscus laevis
1139,50202,6662,Plantae,Spanish needles,Bidens bipinnata
1140,131568,6658,Plantae,sensitive pea,Chamaecrista nictitans
1141,15256,6657,Aves,Wrentit,Chamaea fasciata
1142,63078,6657,Plantae,Rocky Mountain maple,Acer glabrum
1143,160266,6657,Plantae,spiny hackberry,Celtis pallida
1144,44576,6656,Mammalia,Brown Rat,Rattus norvegicus
1145,83177,6656,Insecta,Keeled Treehopper,Entylia carinata
1146,27101,6655,Amphibia,Long-tailed Salamander,Eurycea longicauda
1147,116361,6649,Plantae,Mountain Maple,Acer spicatum
1148,5355,6646,Aves,Harris's Hawk,Parabuteo unicinctus
1149,129361,6636,Plantae,Halberd-leaved violet,Viola hastata
1150,132719,6634,Insecta,Reticulated Net-winged Beetle,Calopteron reticulatum
1151,78565,6629,Plantae,Thickleaf Groundcherry,Physalis crassifolia
1152,132553,6627,Insecta,Mallow Scrub-Hairstreak,Strymon istapa
1153,26691,6617,Amphibia,Couch's Spadefoot,Scaphiopus couchii
1154,67653,6607,Insecta,Large Orange Sulphur,Phoebis agarithe
1155,143274,6605,Insecta,Common Gluphisia Moth,Gluphisia septentrionis
1156,69517,6604,Insecta,Rough Harvester Ant,Pogonomyrmex rugosus
1157,122085,6601,Plantae,Cutleaf Grapefern,Sceptridium dissectum
1158,56534,6600,Fungi,red-cage fungus,Clathrus ruber
1159,28378,6599,Reptilia,Plains Garter Snake,Thamnophis radix
1160,84790,6599,Plantae,umbrella magnolia,Magnolia tripetala
1161,146945,6596,Insecta,,Chrysopa oculata
1162,60287,6594,Plantae,Foxtail Barley,Hordeum jubatum
1163,118526,6594,Plantae,Whipple's penstemon,Penstemon whippleanus
1164,58772,6589,Plantae,gray pine,Pinus sabiniana
1165,119306,6585,Plantae,Mountain Ball Cactus,Pediocactus simpsonii
1166,47518,6581,Actinopterygii,Brown Trout,Salmo trutta
1167,9419,6578,Aves,Green-tailed Towhee,Pipilo chlorurus
1168,261334,6577,Insecta,Juniper Stink Bug,Banasa euchlora
1169,56726,6567,Plantae,American wild carrot,Daucus pusillus
1170,144541,6567,Aves,Sandwich Tern,Thalasseus sandvicensis
1171,83844,6565,Arachnida,Striped Lynx Spider,Oxyopes salticus
1172,27486,6563,Amphibia,Red Salamander,Pseudotriton ruber
1173,58509,6563,Insecta,Delaware Skipper,Anatrytone logan
1174,58627,6563,Actinopterygii,Yellow Perch,Perca flavescens
1175,165115,6558,Plantae,three-lobe false mallow,Malvastrum coromandelianum
1176,78349,6555,Plantae,little-leaved palo verde,Parkinsonia microphylla
1177,5200,6553,Aves,Rough-legged Hawk,Buteo lagopus
1178,77305,6551,Plantae,Curlycup Gumweed,Grindelia squarrosa
1179,121593,6550,Plantae,great waterleaf,Hydrophyllum appendiculatum
1180,209176,6549,Insecta,Kudzu Bug,Megacopta cribraria
1181,127637,6548,Plantae,Old Man's Beard Clematis,Clematis drummondii
1182,56129,6541,Plantae,Ivy-leaved Speedwell,Veronica hederifolia
1183,469268,6537,Insecta,Scissor Grinder,Neotibicen pruinosus
1184,43132,6536,Mammalia,Snowshoe Hare,Lepus americanus
1185,205235,6530,Insecta,Green Leuconycta Moth,Leuconycta diphteroides
1186,300301,6527,Insecta,Graceful Twig Ant,Pseudomyrmex gracilis
1187,57872,6520,Plantae,Beavertail Pricklypear,Opuntia basilaris
1188,58902,6520,Plantae,Stinging Lupine,Lupinus hirsutissimus
1189,500030,6518,Fungi,False Caesar's Mushroom,Amanita parcivolvata
1190,83061,6517,Plantae,Gunnison's Mariposa Lily,Calochortus gunnisonii
1191,896124,6515,Fungi,Mustard Yellow Polypore,Fuscoporia gilva
1192,1470430,6513,Insecta,European Earwig,Forficula auricularia
1193,58637,6511,Actinopterygii,Rock Bass,Ambloplites rupestris
1194,24233,6508,Amphibia,Southern Cricket Frog,Acris gryllus
1195,146635,6486,Insecta,Short-winged Green Grasshopper,Dichromorpha viridis
1196,126305,6485,Plantae,Firebush,Hamelia patens
1197,158586,6479,Plantae,Coralberry,Ardisia crenata
1198,55505,6473,Plantae,Three-cornered garlic,Allium triquetrum
1199,492864,6472,Plantae,Cretanweed,Hedypnois rhagadioloides
1200,126257,6468,Mollusca,Globular Drop Snail,Helicina orbiculata
1201,165400,6466,Plantae,sunshine mimosa,Mimosa strigillosa
1202,85408,6463,Insecta,Western Pondhawk,Erythemis collocata
1203,208109,6458,Insecta,Drab Brown Wave,Lobocleta ossularia
1204,76401,6457,Plantae,Bride's Bonnet,Clintonia uniflora
1205,1550567,6456,Plantae,Peninsular fishhook cactus,Cochemiea dioica
1206,64133,6447,Plantae,Hummingbird Sage,Salvia spathacea
1207,207924,6442,Insecta,Southern Emerald,Synchlora frondaria
1208,57197,6441,Plantae,rabbitfoot grass,Polypogon monspeliensis
1209,77260,6435,Plantae,Richardson's geranium,Geranium richardsonii
1210,123516,6433,Insecta,Clubbed Mydas Fly,Mydas clavatus
1211,81586,6431,Insecta,Regal Moth,Citheronia regalis
1212,126516,6427,Plantae,Long-spurred violet,Viola rostrata
1213,129323,6426,Fungi,Mulch Maids,Leratiomyces percevalii
1214,79002,6423,Plantae,woolgrass,Scirpus cyperinus
1215,199839,6419,Aves,Cassin's Finch,Haemorhous cassinii
1216,218166,6415,Insecta,Walnut Caterpillar Moth,Datana integerrima
1217,474366,6411,Plantae,Japanese Hops,Humulus scandens
1218,9144,6407,Aves,Brewer's Sparrow,Spizella breweri
1219,200071,6402,Plantae,trifoliate orange,Citrus trifoliata
1220,49822,6399,Plantae,Pinxter Flower,Rhododendron periclymenoides
1221,121436,6394,Plantae,Spring Ladies' Tresses,Spiranthes vernalis
1222,116137,6388,Reptilia,Southwestern Fence Lizard,Sceloporus cowlesi
1223,62063,6386,Plantae,heartleaf keckiella,Keckiella cordifolia
1224,78348,6385,Plantae,Pennsylvania pellitory,Parietaria pensylvanica
1225,128839,6380,Plantae,pale-spiked lobelia,Lobelia spicata
1226,154340,6379,Insecta,Tropical House Cricket,Gryllodes sigillatus
1227,67790,6377,Plantae,Ohio buckeye,Aesculus glabra
1228,58191,6375,Plantae,purple sage,Salvia leucophylla
1229,58709,6373,Fungi,devil's urn,Urnula craterium
1230,53902,6370,Plantae,Butterfly Mariposa Lily,Calochortus venustus
1231,119068,6370,Insecta,Behr's Metalmark,Apodemia virgulti
1232,168993,6365,Plantae,prairie rosinweed,Silphium integrifolium
1233,75334,6357,Plantae,Trailing Windmills,Allionia incarnata
1234,129370,6357,Plantae,Wheeler sotol,Dasylirion wheeleri
1235,52378,6354,Plantae,Alderleaf Mountain Mahogany,Cercocarpus montanus
1236,54599,6348,Fungi,golden milkcap,Lactarius alnicola
1237,81580,6348,Insecta,Promethea Silkmoth,Callosamia promethea
1238,549305,6347,Insecta,Cassin's 17-year Cicada,Magicicada cassinii
1239,201343,6346,Insecta,Yellow-shouldered Slug Moth,Lithacodes fasciola
1240,75296,6344,Plantae,desert agave,Agave deserti
1241,48473,6331,Fungi,artist's bracket,Ganoderma applanatum
1242,46255,6330,Mammalia,White-tailed Antelope Squirrel,Ammospermophilus leucurus
1243,48450,6329,Mollusca,Noble Dorid,Peltodoris nobilis
1244,162209,6321,Plantae,Anacua,Ehretia anacua
1245,100403,6320,Insecta,Little Blue Dragonlet,Erythrodiplax minuscula
1246,60202,6318,Plantae,Parrot's feather,Myriophyllum aquaticum
1247,208118,6318,Insecta,Red-banded Leafroller Moth,Argyrotaenia velutinana
1248,51813,6314,Plantae,tall evening primrose,Oenothera elata
1249,58173,6314,Plantae,whispering bells,Emmenanthe penduliflora
1250,55267,6313,Fungi,Candlesnuff Fungus,Xylaria hypoxylon
1251,68593,6313,Plantae,cardinal airplant,Tillandsia fasciculata
1252,1511713,6312,Mammalia,Douglas's Ground Squirrel,Otospermophilus douglasii
1253,79553,6309,Plantae,California Centaury,Zeltnera venusta
1254,127267,6303,Plantae,blackroot,Pterocaulon pycnostachyum
1255,520457,6301,Insecta,Boisduval's Blue,Icaricia icarioides
1256,1508477,6298,Insecta,Red Cone Gall Wasp,Feron kingi
1257,479803,6296,Insecta,Four-speckled Hover Fly,Dioprosopa clavata
1258,50616,6291,Plantae,marvel of Peru,Mirabilis jalapa
1259,8474,6286,Aves,Green Jay,Cyanocorax yncas
1260,120578,6286,Arachnida,Arrow-shaped Orbweaver,Micrathena sagittata
1261,49009,6281,Plantae,blue oak,Quercus douglasii
1262,26695,6280,Amphibia,Eastern Spadefoot,Scaphiopus holbrookii
1263,319125,6279,Insecta,Fuzzy-Horned Bumble Bee,Bombus mixtus
1264,77744,6278,Plantae,Columbia lily,Lilium columbianum
1265,60754,6269,Insecta,Orange-patched Smoky Moth,Pyromorpha dimidiata
1266,81608,6266,Mollusca,Atlantic Ribbed Mussel,Geukensia demissa
1267,57443,6264,Insecta,Four-spotted Skimmer,Libellula quadrimaculata
1268,205233,6263,Insecta,Bent-line Gray,Iridopsis larvaria
1269,148793,6259,Insecta,Empress Leilia,Asterocampa leilia
1270,485191,6254,Plantae,Rose campion,Silene coronaria
1271,82069,6252,Insecta,Field Crescent,Phyciodes pulchella
1272,148406,6250,Plantae,Whitemargin Sandmat,Euphorbia albomarginata
1273,127634,6246,Plantae,Blue Curls,Trichostema dichotomum
1274,35356,6238,Reptilia,Desert Iguana,Dipsosaurus dorsalis
1275,51647,6236,Plantae,Andrews' Clintonia,Clintonia andrewsiana
1276,164861,6234,Plantae,Mexican Primrose-willow,Ludwigia octovalvis
1277,151794,6230,Insecta,Texas Leafcutter Ant,Atta texana
1278,47590,6228,Insecta,Diabolical Ironclad Beetle,Phloeodes diabolicus
1279,128038,6227,Plantae,Yellow Corydalis,Corydalis flavula
1280,77496,6226,Plantae,oceanblue morning glory,Ipomoea indica
1281,138674,6223,Plantae,Lambert's Locoweed,Oxytropis lambertii
1282,47473,6221,Mollusca,Red Sponge Dorid,Rostanga pulchra
1283,4778,6219,Aves,California Condor,Gymnogyps californianus
1284,170203,6218,Plantae,Japanese snowball,Viburnum plicatum
1285,343241,6218,Insecta,Large Creosote Gall Midge,Asphondylia auripila
1286,179339,6208,Insecta,Variegated Cutworm Moth,Peridroma saucia
1287,147037,6206,Plantae,twinleaf,Jeffersonia diphylla
1288,62659,6199,Plantae,standing cypress,Ipomopsis rubra
1289,59753,6197,Plantae,robin's-plantain,Erigeron pulchellus
1290,127322,6189,Plantae,hairy Solomon's-seal,Polygonatum pubescens
1291,51089,6187,Plantae,interior live oak,Quercus wislizeni
1292,163683,6184,Plantae,Prairie Nymph,Herbertia lahue
1293,52576,6183,Arachnida,Western Forest Scorpion,Uroctonus mordax
1294,58223,6179,Plantae,California Peony,Paeonia californica
1295,132227,6171,Insecta,Appalachian Brown,Lethe appalachia
1296,129196,6168,Plantae,Carolina rose,Rosa carolina
1297,201281,6166,Insecta,American Lappet Moth,Phyllodesma americana
1298,58896,6156,Plantae,Wild Licorice,Glycyrrhiza lepidota
1299,39836,6148,Reptilia,Diamondback Terrapin,Malaclemys terrapin
1300,136400,6148,Fungi,Coral-pink Merulius,Phlebia incarnata
1301,119697,6143,Insecta,Helmeted Squash Bug,Euthochtha galeator
1302,58796,6142,Plantae,woollypod milkweed,Asclepias eriocarpa
1303,56170,6133,Plantae,shaggy soldier,Galinsoga quadriradiata
1304,76221,6129,Plantae,Curlleaf Mountain Mahogany,Cercocarpus ledifolius
1305,321642,6125,Plantae,Mason Valley Cholla,Cylindropuntia fosbergii
1306,83929,6123,Insecta,Rainbow Scarab,Phanaeus vindex
1307,117435,6122,Plantae,Oneseed Bur Cucumber,Sicyos angulatus
1308,52135,6121,Fungi,Deathcap,Amanita phalloides
1309,61871,6121,Plantae,grand collomia,Collomia grandiflora
1310,81900,6107,Plantae,yellow pitcher plant,Sarracenia flava
1311,135226,6103,Plantae,smallflower desert-chicory,Pyrrhopappus pauciflorus
1312,162705,6103,Plantae,Leavenworth's eryngo,Eryngium leavenworthii
1313,64040,6099,Plantae,sugar pine,Pinus lambertiana
1314,57116,6092,Plantae,Pennyroyal,Mentha pulegium
1315,129226,6092,Insecta,Morbid Owlet,Chytolita morbidalis
1316,113498,6079,Insecta,Blue-faced Meadowhawk,Sympetrum ambiguum
1317,40509,6067,Mammalia,Big Brown Bat,Eptesicus fuscus
1318,57692,6066,Fungi,giant puffball,Calvatia gigantea
1319,120585,6064,Plantae,snow-on-the-prairie,Euphorbia bicolor
1320,59520,6063,Plantae,giant white fawn lily,Erythronium oregonum
1321,893823,6063,Insecta,Feather-legged Scoliid Wasp,Dielis plumipes
1322,36198,6057,Reptilia,Granite Spiny Lizard,Sceloporus orcutti
1323,57132,6055,Plantae,white brodiaea,Triteleia hyacinthina
1324,128517,6046,Insecta,Ilia Underwing,Catocala ilia
1325,78268,6036,Plantae,Brown-spined Pricklypear,Opuntia phaeacantha
1326,68553,6033,Plantae,Desert Chicory,Rafinesquia neomexicana
1327,232361,6030,Fungi,slender orange-bush,Teloschistes exilis
1328,78569,6024,Plantae,long-leaved groundcherry,Physalis longifolia
1329,127365,6021,Insecta,Elf Shoe Stink Bug,Menecles insertus
1330,77177,6015,Plantae,yellow fritillary,Fritillaria pudica
1331,64513,6010,Plantae,Coulter's lupine,Lupinus sparsiflorus
1332,130993,6008,Plantae,panicled ticktrefoil,Desmodium paniculatum
1333,76203,6003,Plantae,netleaf hackberry,Celtis reticulata
1334,144542,6003,Aves,Elegant Tern,Thalasseus elegans
1335,85383,6000,Plantae,leafcup,Polymnia canadensis
1336,68538,5997,Plantae,Desert Marigold,Baileya multiradiata
1337,60963,5993,Plantae,seaside woolly sunflower,Eriophyllum staechadifolium
1338,144222,5990,Aves,White-winged Scoter,Melanitta deglandi
1339,4512,5987,Aves,Black Tern,Chlidonias niger
1340,56974,5986,Plantae,Common Madia,Madia elegans
1341,69421,5986,Plantae,Arizona lupine,Lupinus arizonicus
1342,17375,5983,Aves,Hutton's Vireo,Vireo huttoni
1343,79273,5982,Plantae,white twisted-stalk,Streptopus amplexifolius
1344,50184,5980,Plantae,California fan palm,Washingtonia filifera
1345,77472,5980,Plantae,Pacific Waterleaf,Hydrophyllum tenuipes
1346,26747,5979,Amphibia,Northwestern Salamander,Ambystoma gracile
1347,53046,5974,Plantae,Naked Buckwheat,Eriogonum nudum
1348,39825,5973,Reptilia,Peninsular Cooter,Pseudemys peninsularis
1349,146709,5963,Insecta,Beech Blight Aphid,Grylloprociphilus imbricator
1350,75413,5961,Plantae,Cheesebush,Ambrosia salsola
1351,96907,5961,Insecta,Banded Pennant,Celithemis fasciata
1352,153563,5961,Arachnida,Red-femured Spotted Orbweaver,Neoscona domiciliorum
1353,68083,5952,Plantae,Whitebark Pine,Pinus albicaulis
1354,127908,5951,Plantae,golden polypody,Phlebodium aureum
1355,62797,5946,Reptilia,Long-nosed Leopard Lizard,Gambelia wislizenii
1356,50617,5945,Plantae,branching phacelia,Phacelia ramosissima
1357,75842,5944,Plantae,King Ranch bluestem,Bothriochloa ischaemum
1358,56617,5937,Plantae,blueblossom,Ceanothus thyrsiflorus
1359,122261,5935,Insecta,Brown-hooded Owlet,Cucullia convexipennis
1360,417511,5935,Fungi,Mayapple Rust,Allodus podophylli
1361,57236,5927,Plantae,bird's foot cliffbrake,Pellaea mucronata
1362,127747,5913,Insecta,Orange-legged Furrow Bee,Halictus rubicundus
1363,558427,5911,Aves,Ross's Goose,Anser rossii
1364,52943,5907,Insecta,White-striped Black,Trichodezia albovittata
1365,265651,5901,Insecta,Noble Scoliid Wasp,Scolia nobilitata
1366,78250,5900,Plantae,Scarlet Beeblossom,Oenothera suffrutescens
1367,79545,5899,Plantae,Orcutt's Woodyaster,Xylorhiza orcuttii
1368,78585,5897,Plantae,limber pine,Pinus flexilis
1369,199056,5876,Insecta,Brown-winged Striped Sweat Bee,Agapostemon splendens
1370,48062,5872,Plantae,swamp candles,Lysimachia terrestris
1371,160544,5867,Plantae,Cocoplum,Chrysobalanus icaco
1372,1613593,5860,Plantae,indigo-bush,Psorodendron schottii
1373,301456,5853,Insecta,Southern Masked Chafer,Cyclocephala lurida
1374,53039,5852,Plantae,Rose Pogonia,Pogonia ophioglossoides
1375,1363161,5850,Insecta,Little Glassywing,Vernia verna
1376,78241,5843,Plantae,velvetweed,Oenothera curtiflora
1377,143196,5843,Insecta,Arcigera Flower Moth,Schinia arcigera
1378,57360,5842,Plantae,Pacific rhododendron,Rhododendron macrophyllum
1379,63690,5840,Plantae,grand fir,Abies grandis
1380,67437,5839,Insecta,Mediterranean Mantis,Iris oratoria
1381,58085,5833,Plantae,London rocket,Sisymbrium irio
1382,77832,5832,Plantae,orange honeysuckle,Lonicera ciliosa
1383,49322,5828,Plantae,sea fig,Carpobrotus edulis
1384,67727,5827,Insecta,Shadow Darner,Aeshna umbrosa
1385,119550,5826,Insecta,Dingy Cutworm Moth,Feltia jaculifera
1386,52162,5824,Plantae,American searocket,Cakile edentula
1387,123611,5824,Insecta,Suzuki's Promalactis Moth,Promalactis suzukiella
1388,50823,5821,Plantae,giant wakerobin,Trillium chloropetalum
1389,57249,5821,Plantae,Pacific ninebark,Physocarpus capitatus
1390,130044,5820,Plantae,smooth ruellia,Ruellia strepens
1391,58479,5819,Insecta,Common Sootywing,Pholisora catullus
1392,213809,5817,Insecta,Velvetbean Caterpillar Moth,Anticarsia gemmatalis
1393,122835,5815,Plantae,Taro,Colocasia esculenta
1394,417398,5814,Fungi,Scaly Chanterelle,Turbinellus floccosus
1395,129315,5813,Plantae,New Jersey tea,Ceanothus americanus
1396,48691,5811,Plantae,prairie blazing star,Liatris pycnostachya
1397,55516,5809,Fungi,Cramp Balls,Annulohypoxylon thouarsianum
1398,81750,5808,Insecta,Mournful Sphinx,Enyo lugubris
1399,880970,5805,Fungi,little nest polypore,Trametes conchifer
1400,47447,5803,Plantae,White leadtree,Leucaena leucocephala
1401,153887,5799,Insecta,Golden Paper Wasp,Polistes aurifer
1402,54836,5794,Plantae,northern prickly ash,Zanthoxylum americanum
1403,51889,5792,Plantae,Bluff Lettuce,Dudleya farinosa
1404,777190,5792,Plantae,Lewis' monkeyflower,Erythranthe lewisii
1405,131165,5785,Plantae,marsh elder,Iva frutescens
1406,890511,5781,Plantae,Bladder Pod,Sesbania vesicaria
1407,53272,5780,Arachnida,Tropical Orbweaver,Eriophora ravilla
1408,124102,5780,Fungi,Thin-walled Maze Polypore,Daedaleopsis confragosa
1409,157838,5777,Plantae,sweet Indian Mallow,Abutilon fruticosum
1410,36488,5774,Reptilia,Crested Anole,Anolis cristatellus
1411,116680,5774,Insecta,Black Horse Fly,Tabanus atratus
1412,1424585,5766,Plantae,Spanish dagger,Yucca treculiana
1413,281124,5754,Plantae,Gregg's tube tongue,Justicia pilosella
1414,126873,5749,Plantae,Virginia wildrye,Elymus virginicus
1415,78891,5745,Plantae,Cutleaf Blackberry,Rubus laciniatus
1416,73041,5744,Aves,Abert's Towhee,Melozone aberti
1417,65975,5741,Amphibia,Rio Grande Leopard Frog,Lithobates berlandieri
1418,62220,5740,Plantae,small camas,Camassia quamash
1419,58829,5738,Plantae,two-color rabbit tobacco,Pseudognaphalium biolettii
1420,59013,5738,Plantae,small-flowered blue-eyed mary,Collinsia parviflora
1421,902691,5738,Plantae,garlic penny-cress,Mummenhoffia alliacea
1422,58484,5736,Insecta,Essex Skipper,Thymelicus lineola
1423,153839,5735,Arachnida,Common Hentz Jumping Spider,Hentzia palmarum
1424,78793,5732,Plantae,bog wintergreen,Pyrola asarifolia
1425,79183,5727,Plantae,Mountain Spirea,Spiraea splendens
1426,128841,5727,Plantae,climbing prairie rose,Rosa setigera
1427,75737,5725,Plantae,Parish's Goldeneye,Bahiopsis parishii
1428,51752,5724,Plantae,harvest brodiaea,Brodiaea elegans
1429,52584,5722,Insecta,Spot-winged Glider,Pantala hymenaea
1430,102006,5718,Insecta,Dragonhunter,Hagenius brevistylus
1431,130990,5718,Plantae,woodland lettuce,Lactuca floridana
1432,49162,5715,Fungi,Coral tooth fungus,Hericium coralloides
1433,56593,5711,Plantae,Ookow,Dichelostemma congestum
1434,81597,5701,Plantae,dwarf cinquefoil,Potentilla canadensis
1435,56871,5700,Plantae,Winter Aconite,Eranthis hyemalis
1436,130910,5699,Fungi,Milk-white Toothed Polypore,Irpex lacteus
1437,160199,5694,Plantae,Wholeleaf Paintbrush,Castilleja integra
1438,75706,5693,Plantae,Desert Holly,Atriplex hymenelytra
1439,60153,5692,Plantae,broadleaved pepperweed,Lepidium latifolium
1440,53801,5691,Plantae,Pink Sand Verbena,Abronia umbellata
1441,164035,5690,Plantae,dahoon holly,Ilex cassine
1442,78084,5689,Plantae,Wild Four o'Clock,Mirabilis nyctaginea
1443,494559,5689,Insecta,Green Immigrant Leaf Weevil,Polydrusus formosus
1444,877372,5689,Plantae,Texas lantana,Lantana urticoides
1445,39814,5677,Reptilia,Common Box Turtle,Terrapene carolina
1446,1579045,5674,Plantae,cream wild-indigo,Baptisia leucophaea
1447,77255,5671,Plantae,Shining Crane's-bill,Geranium lucidum
1448,325955,5670,Insecta,Pannaria Wave,Leptostales pannaria
1449,57148,5664,Plantae,ruby chalice clarkia,Clarkia rubicunda
1450,79543,5663,Plantae,mission manzanita,Xylococcus bicolor
1451,130983,5660,Mollusca,Giant Floater,Pyganodon grandis
1452,26822,5658,Amphibia,Pacific Giant Salamander,Dicamptodon tenebrosus
1453,58724,5658,Plantae,Jack pine,Pinus banksiana
1454,58136,5656,Plantae,Canyon liveforever,Dudleya cymosa
1455,224420,5656,Insecta,Five-spotted Hawk Moth,Manduca quinquemaculatus
1456,504587,5656,Fungi,Peach-Colored Fly Agaric,Amanita persicina
1457,62853,5651,Plantae,black mangrove,Avicennia germinans
1458,359294,5651,Insecta,Western Tent Caterpillar Moth,Malacosoma californica
1459,169457,5648,Plantae,southern annual saltmarsh aster,Symphyotrichum divaricatum
1460,736008,5648,Fungi,jellied false coral fungus,Sebacina schweinitzii
1461,151770,5641,Insecta,Angulose Prominent,Peridea angulosa
1462,56822,5640,Plantae,hoary bowlesia,Bowlesia incana
1463,120242,5640,Fungi,fluted bird's nest fungus,Cyathus striatus
1464,164975,5639,Plantae,red spider lily,Lycoris radiata
1465,155506,5638,Plantae,Brasil,Condalia hookeri
1466,75870,5637,Plantae,Saharan Mustard,Brassica tournefortii
1467,136381,5635,Plantae,honey-vine climbing milkweed,Cynanchum laeve
1468,1617172,5631,Plantae,broomsedge bluestem,Anatherum virginicum
1469,52785,5629,Insecta,Sculptured Resin Bee,Megachile sculpturalis
1470,78450,5626,Plantae,water smartweed,Persicaria amphibia
1471,123974,5626,Insecta,Florida Leaf-footed Bug,Acanthocephala femorata
1472,58168,5617,Plantae,Alkali Heath,Frankenia salina
1473,48651,5615,Plantae,Yellow Cosmos,Cosmos sulphureus
1474,75386,5613,Plantae,Alligatorweed,Alternanthera philoxeroides
1475,33118,5605,Reptilia,Brown Basilisk,Basiliscus vittatus
1476,104585,5597,Insecta,Painted Skimmer,Libellula semifasciata
1477,17365,5594,Aves,Yellow-throated Vireo,Vireo flavifrons
1478,63893,5594,Plantae,Oregon Boxwood,Paxistima myrsinites
1479,63275,5592,Insecta,Pigeon Horntail,Tremex columba
1480,126214,5592,Insecta,,Condylostylus patibulatus
1481,1457202,5588,Insecta,White Checkered-Skipper,Burnsius albezens
1482,128752,5576,Plantae,American turkey oak,Quercus laevis
1483,135229,5574,Plantae,corn gromwell,Buglossoides arvensis
1484,78288,5573,Plantae,one-sided wintergreen,Orthilia secunda
1485,144882,5571,Aves,Pacific Wren,Troglodytes pacificus
1486,99609,5570,Insecta,Black-shouldered Spinyleg,Dromogomphus spinosus
1487,128076,5570,Plantae,fourpetal St. Johnswort,Hypericum tetrapetalum
1488,207603,5570,Insecta,Skiff Moth,Prolimacodes badia
1489,146715,5566,Plantae,pale Indian plantain,Arnoglossum atriplicifolium
1490,907480,5565,Plantae,Alamo vine,Distimake dissectus
1491,1278022,5565,Plantae,brocade moss,Callicladium imponens
1492,29818,5560,Reptilia,Speckled Kingsnake,Lampropeltis holbrooki
1493,164190,5557,Plantae,Sumpweed,Iva annua
1494,71135,5552,Plantae,silver beachweed,Ambrosia chamissonis
1495,121287,5548,Plantae,lilac tasselflower,Emilia sonchifolia
1496,129995,5542,Mollusca,Branched Dendronotid,Dendronotus venustus
1497,54141,5541,Plantae,purple salsify,Tragopogon porrifolius
1498,50164,5537,Plantae,desert sand verbena,Abronia villosa
1499,119733,5535,Insecta,Pacific Velvet Ant,Dasymutilla aureola
1500,131006,5531,Plantae,sharpwing monkeyflower,Mimulus alatus
1501,508778,5529,Fungi,Tinder Polypore,Fomes excavatus
1502,20315,5525,Aves,Short-eared Owl,Asio flammeus
1503,77613,5524,Plantae,White Rhatany,Krameria bicolor
1504,129363,5524,Insecta,Fatal Metalmark,Calephelis nemesis
1505,486453,5522,Arachnida,,Colonus hesperus
1506,493594,5516,Insecta,Western Aphideater,Eupeodes fumipennis
1507,82819,5515,Plantae,beaked cornsalad,Valerianella radiata
1508,158549,5513,Plantae,Japanese angelica tree,Aralia elata
1509,57243,5507,Plantae,Redberry Buckthorn,Rhamnus crocea
1510,218424,5507,Insecta,Julia's Dicymolomia Moth,Dicymolomia julianalis
1511,244378,5506,Insecta,,Mallophora fautrix
1512,163871,5503,Plantae,largeleaf pennywort,Hydrocotyle bonariensis
1513,144207,5500,Aves,Mexican Jay,Aphelocoma wollweberi
1514,83902,5493,Plantae,tall blue wild indigo,Baptisia australis
1515,39713,5492,Reptilia,Eastern Mud Turtle,Kinosternon subrubrum
1516,129103,5490,Plantae,Red Tasselflower,Emilia fosbergii
1517,54590,5489,Fungi,column stinkhorn,Clathrus columnatus
1518,153535,5485,Arachnida,Grayish Jumping Spider,Phidippus princeps
1519,210607,5485,Insecta,Fractured Western Snout,Diastictis fracturalis
1520,56752,5483,Plantae,scarlet bugler,Penstemon centranthifolius
1521,68251,5483,Insecta,Weidemeyer's Admiral,Limenitis weidemeyerii
1522,131656,5482,Plantae,Saltmarsh mallow,Kosteletzkya pentacarpos
1523,77107,5480,Plantae,California primrose,Eulobus californicus
1524,81683,5476,Insecta,Sparganothis Fruitworm Moth,Sparganothis sulfureana
1525,59301,5472,Plantae,cursed crowfoot,Ranunculus sceleratus
1526,75241,5468,Plantae,subalpine fir,Abies lasiocarpa
1527,62785,5464,Insecta,,Ormenoides venusta
1528,78240,5464,Plantae,fragrant evening primrose,Oenothera cespitosa
1529,19743,5462,Aves,Western Screech-Owl,Megascops kennicottii
1530,1638386,5460,Insecta,Northern Cloudywing,Cecropterus pylades
1531,146717,5456,Plantae,silverrod,Solidago bicolor
1532,126800,5455,Plantae,pennywort,Obolaria virginica
1533,269875,5451,Insecta,Hardwood Stump Borer,Mallodon dasystomus
1534,68918,5450,Insecta,,Poecilanthrax lucifer
1535,228477,5448,Insecta,Florida Harvester Ant,Pogonomyrmex badius
1536,129689,5443,Plantae,purple-stemmed angelica,Angelica atropurpurea
1537,204775,5441,Insecta,Lyside Sulphur,Kricogonia lyside
1538,47894,5439,Plantae,low pricklypear,Opuntia humifusa
1539,122054,5438,Plantae,Virginia chainfern,Woodwardia virginica
1540,126483,5431,Plantae,Florida Hedgenettle,Stachys floridana
1541,58578,5429,Insecta,Baltimore Checkerspot,Euphydryas phaeton
1542,130743,5425,Plantae,sea purslane,Sesuvium portulacastrum
1543,177197,5425,Insecta,Mottled Prominent,Macrurocampa marthesia
1544,136326,5424,Insecta,Speckled Sharpshooter,Paraulacizes irrorata
1545,63460,5422,Fungi,Bleeding Fairy Helmet,Mycena haematopus
1546,68884,5420,Plantae,moss phlox,Phlox subulata
1547,84635,5418,Insecta,Surinam Cockroach,Pycnoscelus surinamensis
1548,1363180,5416,Insecta,Southern Broken-Dash,Polites otho
1549,25646,5412,Amphibia,Foothill Yellow-legged Frog,Rana boylii
1550,128012,5409,Insecta,Banded Sphinx,Eumorpha fasciatus
1551,121785,5407,Plantae,Western Spiderwort,Tradescantia occidentalis
1552,52354,5404,Amphibia,Blue-spotted Salamander,Ambystoma laterale
1553,57354,5404,Plantae,Peruvian Pepper Tree,Schinus molle
1554,78264,5403,Plantae,Engelmann's Pricklypear,Opuntia engelmannii
1555,77018,5398,Plantae,Seacliff Wild Buckwheat,Eriogonum parvifolium
1556,128630,5393,Plantae,netted pawpaw,Asimina reticulata
1557,116722,5391,Plantae,drooping trillium,Trillium flexipes
1558,63749,5387,Plantae,American Cranberry,Vaccinium macrocarpon
1559,44902,5381,Mammalia,Hispid Cotton Rat,Sigmodon hispidus
1560,59055,5380,Plantae,tall flatsedge,Cyperus eragrostis
1561,53441,5376,Plantae,Baldhip Rose,Rosa gymnocarpa
1562,75600,5373,Plantae,Goatsbeard,Aruncus dioicus
1563,750907,5368,Arachnida,Giant House Spider,Eratigena duellica
1564,63048,5366,Mollusca,California Spiny Chiton,Nuttallina californica
1565,49010,5364,Plantae,Sonoran scrub oak,Quercus turbinella
1566,63603,5361,Plantae,blue palo verde,Parkinsonia florida
1567,162725,5359,Plantae,dimpled trout lily,Erythronium umbilicatum
1568,77495,5358,Plantae,ivy-leaved morning-glory,Ipomoea hederacea
1569,60527,5356,Plantae,western azalea,Rhododendron occidentale
1570,122716,5350,Insecta,Definite Tussock Moth,Orgyia definita
1571,67594,5347,Fungi,Velvet Foot,Flammulina velutipes
1572,128998,5346,Plantae,Winged Loosestrife,Lythrum alatum
1573,128670,5344,Insecta,Half-black Bumble Bee,Bombus vagans
1574,169983,5344,Plantae,bashful wakerobin,Trillium catesbaei
1575,79064,5342,Plantae,bigpod sesbania,Sesbania herbacea
1576,121012,5340,Mollusca,Rosy Wolfsnail,Euglandina rosea
1577,128648,5331,Insecta,Ringed Paper Wasp,Polistes annularis
1578,117641,5326,Mollusca,Frilled Dogwinkle,Nucella lamellosa
1579,55895,5319,Plantae,swamp agrimony,Agrimonia parviflora
1580,162214,5317,Plantae,thorny olive,Elaeagnus pungens
1581,77940,5315,Plantae,Cliff Aster,Malacothrix saxatilis
1582,1686333,5313,Insecta,,Chrysis fuscipennis
1583,60482,5311,Plantae,white pasqueflower,Pulsatilla occidentalis
1584,84537,5309,Plantae,air potato,Dioscorea bulbifera
1585,3850,5306,Aves,Stilt Sandpiper,Calidris himantopus
1586,521639,5306,Plantae,roadside gaura,Oenothera suffulta
1587,47406,5304,Plantae,Spanish Broom,Spartium junceum
1588,104252,5302,Actinopterygii,Warmouth,Lepomis gulosus
1589,58633,5301,Actinopterygii,Rainbow Darter,Etheostoma caeruleum
1590,230433,5300,Arachnida,Buttonhook Leafbeetle Jumping Spider,Sassacus vitis
1591,57277,5293,Plantae,American brooklime,Veronica americana
1592,50639,5292,Plantae,bluewitch nightshade,Solanum umbelliferum
1593,57114,5290,Plantae,California Pitcher Sage,Lepechinia calycina
1594,71257,5285,Plantae,Blue Grama,Bouteloua gracilis
1595,362836,5283,Insecta,Dusky-winged Hover Fly,Ocyptamus fuscipennis
1596,75263,5282,Plantae,vanilla leaf,Achlys triphylla
1597,1649482,5282,Fungi,Wrinkly Stinkhorn,Satyrus rugulosus
1598,148800,5281,Insecta,White-striped Longtail,Chioides albofasciatus
1599,53110,5280,Plantae,Canada wild lettuce,Lactuca canadensis
1600,335840,5280,Insecta,Inornate Pyrausta Moth,Pyrausta inornatalis
1601,70997,5278,Insecta,American Pelecinid Wasp,Pelecinus polyturator
1602,27123,5276,Amphibia,Cave Salamander,Eurycea lucifuga
1603,121519,5273,Insecta,Rusty-patched Bumble Bee,Bombus affinis
1604,79440,5270,Plantae,Venus's looking-glass,Triodanis biflora
1605,178403,5270,Insecta,Dark-banded Owlet,Phalaenophana pyramusalis
1606,121747,5269,Plantae,river cane,Arundinaria gigantea
1607,120030,5265,Fungi,common bird's nest fungus,Crucibulum laeve
1608,57563,5263,Plantae,Artichoke Thistle,Cynara cardunculus
1609,169048,5262,Plantae,Lanceleaf Greenbrier,Smilax smallii
1610,155806,5261,Plantae,False dayflower,Tinantia anomala
1611,219719,5260,Insecta,Pearly Wood-nymph,Eudryas unio
1612,55809,5256,Plantae,Summer snowflake,Leucojum aestivum
1613,62944,5255,Plantae,Lesser Balloon Vine,Cardiospermum halicacabum
1614,75309,5255,Plantae,Crested Wheatgrass,Agropyron cristatum
1615,60265,5254,Plantae,wild asparagus,Asparagus officinalis
1616,85378,5254,Plantae,sweet Joe-Pye-weed,Eutrochium purpureum
1617,48724,5252,Mollusca,Hilton's Aeolid,Phidiana hiltoni
1618,143558,5252,Plantae,Japanese Clover,Kummerowia striata
1619,163451,5250,Plantae,Kentucky coffeetree,Gymnocladus dioicus
1620,4631,5246,Aves,Magnificent Frigatebird,Fregata magnificens
1621,75746,5239,Plantae,Sweetbush,Bebbia juncea
1622,58822,5238,Plantae,Stinkwort,Dittrichia graveolens
1623,194542,5237,Insecta,Vesta Crescent,Phyciodes graphica
1624,119800,5225,Plantae,Two-flower Dwarf-dandelion,Krigia biflora
1625,59124,5221,Insecta,Sara Orangetip,Anthocharis sara
1626,197039,5220,Insecta,,Condylostylus longicornis
1627,215754,5219,Insecta,Orange-headed Callima Moth,Callima argenticinctella
1628,143384,5217,Fungi,snow fungus,Tremella fuciformis
1629,486456,5216,Arachnida,Sylvan Jumping Spider,Colonus sylvanus
1630,787459,5212,Plantae,rough buttonweed,Hexasepalum teres
1631,36243,5211,Reptilia,Yarrow's Spiny Lizard,Sceloporus jarrovii
1632,52735,5210,Plantae,Scarlet Beebalm,Monarda didyma
1633,309390,5207,Insecta,Tripartite Sweat Bee,Halictus tripartitus
1634,907052,5207,Reptilia,Broad-banded Copperhead,Agkistrodon laticinctus
1635,84027,5206,Insecta,Delta Flower Scarab,Trigonopeltastes delta
1636,319444,5206,Insecta,Buren's Pyramid Ant,Dorymyrmex bureni
1637,73790,5205,Reptilia,Southeastern Five-lined Skink,Plestiodon inexpectatus
1638,1373714,5205,Insecta,Unicorn Prominent,Coelodasys unicornis
1639,876453,5192,Plantae,California milkwort,Rhinotropis californica
1640,1070908,5192,Arachnida,Asiatic Wall Jumping Spider,Attulus fasciger
1641,215409,5189,Mollusca,Asian Tramp Snail,Bradybaena similaris
1642,371172,5187,Insecta,,Veromessor pergandei
1643,168710,5180,Plantae,Drummond's skullcap,Scutellaria drummondii
1644,53750,5179,Mollusca,Owl Limpet,Lottia gigantea
1645,767707,5179,Insecta,Greenhouse Camel Cricket,Tachycines asynamorus
1646,7104,5178,Aves,Hawaiian Goose,Branta sandvicensis
1647,488500,5178,Fungi,Eastern American Platterful Mushroom,Megacollybia rodmanii
1648,473390,5176,Insecta,Oak Leaf Gall Midge,Polystepha pilulae
1649,79480,5172,Plantae,White Inside-out Flower,Vancouveria hexandra
1650,128731,5172,Plantae,Drummond's Onion,Allium drummondii
1651,520958,5172,Insecta,Lancet Clubtail,Phanogomphus exilis
1652,4224,5167,Aves,Red-necked Grebe,Podiceps grisegena
1653,199041,5167,Insecta,Unequal Cellophane Bee,Colletes inaequalis
1654,57211,5166,Plantae,Seaside Buckwheat,Eriogonum latifolium
1655,55698,5165,Insecta,Coyote Brush Bud Gall Midge,Rhopalomyia californica
1656,348720,5164,Fungi,Stubble Rosegill,Volvopluteus gloiocephalus
1657,203052,5154,Insecta,Black-dotted Ruddy Moth,Ilexia intractata
1658,322417,5153,Mollusca,Yellow Cellar Slug,Limacus flavus
1659,51555,5147,Insecta,Cardinal Meadowhawk,Sympetrum illotum
1660,121441,5147,Arachnida,Basilica Orbweaver,Mecynogea lemniscata
1661,122262,5147,Insecta,Plains Lubber Grasshopper,Brachystola magna
1662,143523,5147,Insecta,Brown Panopoda Moth,Panopoda carneicosta
1663,126318,5144,Plantae,Maryland meadowbeauty,Rhexia mariana
1664,205203,5144,Insecta,Bad-wing Moth,Dyspteris abortivaria
1665,120356,5143,Plantae,tawny cottongrass,Eriophorum virginicum
1666,133978,5143,Insecta,,Physocephala tibialis
1667,1568926,5143,Plantae,candyroot,Senega nana
1668,243,5142,Aves,Virginia Rail,Rallus limicola
1669,130737,5140,Plantae,bear oak,Quercus ilicifolia
1670,215970,5138,Insecta,American Carpenter Ant,Camponotus americanus
1671,49444,5135,Plantae,Pacific coralroot,Corallorhiza mertensiana
1672,51314,5132,Fungi,springtime amanita,Amanita velosa
1673,54773,5128,Plantae,nannyberry,Viburnum lentago
1674,213510,5128,Insecta,Yellow-spotted Webworm Moth,Anageshna primordialis
1675,61253,5126,Plantae,Wood Lily,Lilium philadelphicum
1676,76484,5123,Plantae,California croton,Croton californicus
1677,82481,5120,Insecta,Margined White,Pieris marginalis
1678,76790,5119,Plantae,Goose Grass,Eleusine indica
1679,1364008,5116,Actinopterygii,Plains Longear Sunfish,Lepomis aquilensis
1680,59042,5113,Plantae,lanceleaf frogfruit,Phyla lanceolata
1681,55209,5107,Plantae,Pacific yew,Taxus brevifolia
1682,58543,5104,Insecta,Brown Elfin,Callophrys augustinus
1683,56006,5103,Plantae,calla lily,Zantedeschia aethiopica
1684,61509,5100,Plantae,modesty,Whipplea modesta
1685,68562,5100,Plantae,garden cosmos,Cosmos bipinnatus
1686,1486470,5098,Plantae,spreading sida,Sida abutilifolia
1687,153079,5090,Insecta,Giant Crane Fly,Tipula abdominalis
1688,79018,5085,Plantae,Paperbag Bush,Scutellaria mexicana
1689,157990,5085,Arachnida,Half-edged Wall Jumping Spider,Menemerus semilimbatus
1690,57463,5081,Insecta,Canadian Tiger Swallowtail,Papilio canadensis
1691,467992,5080,Plantae,Lindheimer's Doveweed,Croton lindheimeri
1692,8319,5075,Aves,Yellow-billed Magpie,Pica nuttalli
1693,67324,5073,Insecta,Barred Yellow,Eurema daira
1694,162927,5073,Plantae,Texas Kidneywood,Eysenhardtia texana
1695,99895,5069,Insecta,Tule Bluet,Enallagma carunculatum
1696,48414,5068,Plantae,Great Basin bristlecone pine,Pinus longaeva
1697,60220,5066,Plantae,floating primrose-willow,Ludwigia peploides
1698,208724,5066,Mollusca,Knobbed Whelk,Busycon carica
1699,28762,5061,Reptilia,Long-nosed Snake,Rhinocheilus lecontei
1700,126640,5061,Insecta,Forage Looper Moth,Caenurgina erechtea
1701,53208,5058,Plantae,Cape-ivy,Delairea odorata
1702,275384,5056,Plantae,graceful spurge,Euphorbia hypericifolia
1703,537967,5055,Plantae,Yellow Glandweed,Bellardia viscosa
1704,47910,5053,Plantae,clasping milkweed,Asclepias amplexicaulis
1705,867365,5053,Plantae,Skunkbush Sumac,Rhus trilobata
1706,56987,5049,Plantae,narrowleaf mule-ears,Wyethia angustifolia
1707,52113,5047,Plantae,Winterfat,Krascheninnikovia lanata
1708,50913,5046,Insecta,Ceanothus Silk Moth,Hyalophora euryalus
1709,62850,5040,Plantae,Green Buttonwood,Conocarpus erectus
1710,119135,5039,Plantae,tall boneset,Eupatorium altissimum
1711,121924,5036,Plantae,alligator juniper,Juniperus deppeana
1712,288038,5034,Plantae,buffalograss,Bouteloua dactyloides
1713,31981,5029,Reptilia,Eastern Glass Lizard,Ophisaurus ventralis
1714,166558,5029,Plantae,Purple Phacelia,Phacelia bipinnatifida
1715,57216,5024,Plantae,California Polypody,Polypodium californicum
1716,78846,5022,Plantae,western roseroot,Rhodiola integrifolia
1717,144594,5021,Aves,Snowy Owl,Bubo scandiacus
1718,289854,5021,Plantae,Eve's Necklacepod,Styphnolobium affine
1719,60295,5020,Plantae,Dallis grass,Paspalum dilatatum
1720,287356,5016,Plantae,Florida bluehearts,Buchnera floridana
1721,56406,5015,Plantae,Common Liverwort,Marchantia polymorpha
1722,158267,5015,Plantae,triangle-leaf bursage,Ambrosia deltoidea
1723,486971,5012,Plantae,Padre's Shooting Star,Primula clevelandii
1724,77156,5002,Plantae,Cascara,Frangula purshiana
1725,219776,4998,Insecta,Bumble Flower Beetle,Euphoria inda
1726,127891,4991,Plantae,roundleaf ragwort,Packera obovata
1727,322872,4983,Insecta,Dot-lined White,Artace cribrarius
1728,68269,4982,Insecta,Milbert's Tortoiseshell,Aglais milberti
1729,84612,4980,Insecta,Ten-lined June Beetle,Polyphylla decemlineata
1730,128790,4979,Insecta,Yellow-winged Oak Leafroller Moth,Argyrotaenia quercifoliana
1731,55492,4978,Insecta,Western Polished Lady Beetle,Cycloneda polita
1732,148560,4974,Insecta,Common Mestra,Mestra amymone
1733,1473617,4973,Plantae,Reflexed Wild Ginger,Asarum reflexum
1734,27413,4967,Amphibia,Seal Salamander,Desmognathus monticola
1735,50000,4967,Reptilia,Spotted Turtle,Clemmys guttata
1736,67016,4967,Amphibia,California Red-legged Frog,Rana draytonii
1737,57049,4966,Plantae,Spanish clover,Acmispon americanus
1738,176124,4963,Insecta,Spring Cankerworm Moth,Paleacrita vernata
1739,128712,4962,Insecta,California Lady Beetle,Coccinella californica
1740,133764,4962,Insecta,Swift Feather-legged Fly,Trichopoda pennipes
1741,209810,4958,Arachnida,Bowl-and-doily Spider,Frontinella pyramitela
1742,47454,4955,Mollusca,Clown Dorid,Triopha catalinae
1743,36145,4950,Reptilia,Rose-bellied Lizard,Sceloporus variabilis
1744,142653,4949,Plantae,Prairie False Foxglove,Agalinis heterophylla
1745,154550,4945,Plantae,coastalplain chaffhead,Carphephorus corymbosus
1746,55605,4939,Fungi,hare's foot inkcap,Coprinopsis lagopus
1747,153849,4937,Arachnida,Banded Fishing Spider,Dolomedes vittatus
1748,67825,4936,Plantae,Small's ragwort,Packera anonyma
1749,56573,4935,Plantae,Mountain Misery,Chamaebatia foliolosa
1750,60951,4930,Plantae,floating marsh pennywort,Hydrocotyle ranunculoides
1751,51286,4929,Plantae,Mediterranean lineseed,Bellardia trixago
1752,49848,4927,Mollusca,California Aglaja,Navanax inermis
1753,130998,4927,Plantae,Seedbox,Ludwigia alternifolia
1754,330498,4924,Insecta,Stained-glass Moth,Samea castellalis
1755,132711,4921,Plantae,spotted St. John's wort,Hypericum punctatum
1756,131153,4920,Plantae,oakleaf fleabane,Erigeron quercifolius
1757,135560,4920,Plantae,Coontie,Zamia integrifolia
1758,129548,4919,Plantae,four-leaved milkweed,Asclepias quadrifolia
1759,148088,4918,Arachnida,Black Cherry Leaf Gall Mite,Eriophyes cerasicrumena
1760,143121,4917,Insecta,Flame-shouldered Dart,Ochropleura implecta
1761,84024,4910,Insecta,Boxwood Leaftier Moth,Galasa nigrinodis
1762,194231,4907,Fungi,Eastern Black Trumpet,Craterellus fallax
1763,160370,4905,Plantae,Tainturier's chervil,Chaerophyllum tainturieri
1764,209713,4904,Insecta,Half-wing Moth,Phigalia titea
1765,84038,4900,Insecta,Leconte's Haploa Moth,Haploa lecontei
1766,126177,4900,Plantae,Drummond's phlox,Phlox drummondii
1767,117059,4899,Aves,Snow Bunting,Plectrophenax nivalis
1768,49342,4898,Plantae,Painted-cup paintbrush,Castilleja coccinea
1769,52546,4898,Plantae,bigtooth maple,Acer grandidentatum
1770,311163,4894,Insecta,Pale-bordered Field Cockroach,Pseudomops septentrionalis
1771,870496,4894,Plantae,Horse Crippler Cactus,Homalocephala texensis
1772,78787,4887,Plantae,Stansbury's Cliffrose,Purshia stansburyana
1773,130193,4884,Plantae,beach morning-glory,Ipomoea imperati
1774,119807,4881,Plantae,American fly-honeysuckle,Lonicera canadensis
1775,855610,4881,Plantae,toothed midsorus fern,Telmatoblechnum serrulatum
1776,243962,4880,Reptilia,Northern Rubber Boa,Charina bottae
1777,1372883,4877,Insecta,Saddled Prominent,Cecrita guttivitta
1778,1410301,4875,Insecta,Squash Vine Borer,Eichlinia cucurbitae
1779,48865,4871,Plantae,coconut palm,Cocos nucifera
1780,57891,4869,Plantae,Green Ephedra,Ephedra viridis
1781,58803,4867,Plantae,California Brickellbush,Brickellia californica
1782,51691,4856,Plantae,Silver Bush Lupine,Lupinus albifrons
1783,322368,4849,Insecta,Black-margined Flower Fly,Syrphus opinator
1784,53316,4848,Plantae,western vervain,Verbena lasiostachys
1785,1649048,4847,Insecta,Smokybrown Cockroach,Validiblatta fuliginosa
1786,59210,4846,Plantae,Red Brome,Bromus rubens
1787,166706,4845,Plantae,Longleaf Phlox,Phlox longifolia
1788,212451,4843,Insecta,Hackberry Dagger,Acronicta rubricoma
1789,200074,4842,Plantae,Anglepod,Gonolobus suberosus
1790,143015,4838,Insecta,Beggar Moth,Eubaphe mendica
1791,196326,4837,Mollusca,Blood Ark,Lunarca ovalis
1792,183193,4836,Insecta,Sculptured Pine Borer,Chalcophora virginiensis
1793,1241,4834,Aves,Dusky Grouse,Dendragapus obscurus
1794,56891,4826,Plantae,Whitebrush,Aloysia gratissima
1795,67440,4823,Insecta,Ornate Bella Moth,Utetheisa ornatrix
1796,142998,4823,Insecta,Mint-loving Pyrausta Moth,Pyrausta acrionalis
1797,18467,4822,Aves,Red-naped Sapsucker,Sphyrapicus nuchalis
1798,61210,4820,Plantae,slender phlox,Microsteris gracilis
1799,83354,4820,Mollusca,Giant Atlantic Cockle,Dinocardium robustum
1800,338573,4816,Insecta,Red-marked Pachodynerus Wasp,Pachodynerus erynnis
1801,53203,4813,Plantae,yerba buena,Clinopodium douglasii
1802,211210,4811,Arachnida,Marbled Cellar Spider,Holocnemus pluchei
1803,2090,4807,Aves,Plain Chachalaca,Ortalis vetula
1804,51534,4806,Insecta,Cassius Blue,Leptotes cassius
1805,70391,4806,Plantae,Goosefoot violet,Viola purpurea
1806,126780,4806,Arachnida,,Hogna antelucana
1807,49319,4803,Plantae,Crystalline ice plant,Mesembryanthemum crystallinum
1808,126995,4802,Insecta,Bent-lined Dart,Choephora fungorum
1809,129428,4802,Insecta,Smeared Dagger,Acronicta oblinita
1810,124184,4797,Insecta,Indian-Meal Moth,Plodia interpunctella
1811,18160,4791,Aves,Lewis's Woodpecker,Melanerpes lewis
1812,143876,4790,Insecta,Larger Empty Oak Apple Wasp,Amphibolips quercusinanis
1813,69985,4786,Plantae,slash pine,Pinus elliottii
1814,132717,4783,Plantae,Hollow Joe-Pye Weed,Eutrochium fistulosum
1815,145275,4783,Aves,Canada Warbler,Cardellina canadensis
1816,54893,4779,Fungi,Western Amethyst Laccaria,Laccaria amethysteo-occidentalis
1817,125758,4775,Mollusca,Northern Quahog,Mercenaria mercenaria
1818,67338,4774,Fungi,Conifer Mazegill,Gloeophyllum sepiarium
1819,130077,4773,Plantae,giant airplant,Tillandsia utriculata
1820,16602,4771,Aves,Least Flycatcher,Empidonax minimus
1821,328305,4771,Fungi,Latte Bracket,Trametes lactinea
1822,129048,4770,Plantae,common ninebark,Physocarpus opulifolius
1823,199400,4770,Plantae,Siam weed,Chromolaena odorata
1824,125444,4769,Arachnida,Pantropical Jumping Spider,Plexippus paykulli
1825,1613594,4768,Plantae,Smoketree,Psorodendron spinosum
1826,52848,4765,Plantae,California Spikenard,Aralia californica
1827,56644,4765,Insecta,Satyr Comma,Polygonia satyrus
1828,128756,4765,Plantae,Sandhill milkweed,Asclepias humistrata
1829,203866,4756,Insecta,Willow Pinecone Gall Midge,Rabdophaga strobiloides
1830,1672221,4756,Mollusca,Chinese Mystery Snail,Margarya chinensis
1831,1145488,4750,Fungi,Cracked Cap Polypore,Fulvifomes robiniae
1832,119873,4748,Insecta,Florida Predatory Stink Bug,Euthyrhynchus floridanus
1833,120011,4746,Plantae,Rattlebush,Sesbania drummondii
1834,154450,4746,Fungi,Velvet-footed Tap,Tapinella atrotomentosa
1835,1618816,4740,Fungi,reddening lepiota,Macropsalliota americana
1836,133038,4738,Plantae,ditch stonecrop,Penthorum sedoides
1837,1493168,4738,Plantae,velvet mesquite,Neltuma velutina
1838,118768,4737,Plantae,Goldenseal,Hydrastis canadensis
1839,75765,4735,Plantae,Nodding Beggarticks,Bidens cernua
1840,533769,4733,Insecta,Peach Root Weevil,Pseudoedophrys hilleri
1841,307233,4732,Insecta,Tree Cattle,Cerastipsocus venosus
1842,122039,4725,Mollusca,Atlantic Bay Scallop,Argopecten irradians
1843,158769,4725,Plantae,Small-Flower Pawpaw,Asimina parviflora
1844,7829,4722,Aves,Florida Scrub-Jay,Aphelocoma coerulescens
1845,119086,4720,Insecta,Pink-spotted Hawkmoth,Agrius cingulata
1846,64114,4719,Plantae,Crofton Weed,Ageratina adenophora
1847,165891,4718,Plantae,prairie pricklypear,Opuntia macrorhiza
1848,169984,4716,Plantae,nodding trillium,Trillium cernuum
1849,341001,4713,Insecta,Nevada Bumble Bee,Bombus nevadensis
1850,63878,4711,Plantae,Oregon Ash,Fraxinus latifolia
1851,122241,4711,Mollusca,Coquina,Donax variabilis
1852,129000,4709,Plantae,Canada wild rye,Elymus canadensis
1853,166162,4709,Plantae,Japanese creeper,Parthenocissus tricuspidata
1854,52181,4707,Plantae,Coyote Mint,Monardella villosa
1855,122082,4707,Plantae,long beech fern,Phegopteris connectilis
1856,50312,4705,Plantae,eastern leatherwood,Dirca palustris
1857,55927,4705,Fungi,common earthball,Scleroderma citrinum
1858,62248,4705,Plantae,heart-leaf milkweed,Asclepias cordifolia
1859,1668926,4704,Amphibia,Canyon Tree Frog,Dryophytes arenicolor
1860,62584,4702,Plantae,Lanceleaf Springbeauty,Claytonia lanceolata
1861,78372,4697,Plantae,Sickletop Lousewort,Pedicularis racemosa
1862,56552,4696,Insecta,Bronze Ground Beetle,Carabus nemoralis
1863,76146,4696,Plantae,Wyoming Paintbrush,Castilleja linariifolia
1864,199833,4696,Aves,Chuck-will's-widow,Antrostomus carolinensis
1865,50042,4693,Plantae,Coast Paintbrush,Castilleja affinis
1866,54767,4693,Plantae,poison sumac,Toxicodendron vernix
1867,142979,4692,Plantae,New York ironweed,Vernonia noveboracensis
1868,59360,4691,Mollusca,Shark Eye,Neverita duplicata
1869,59446,4685,Plantae,Diogenes' lantern,Calochortus amabilis
1870,1522294,4684,Insecta,Spined Turban Gall Wasp,Antron douglasii
1871,83156,4683,Plantae,oakleaf hydrangea,Hydrangea quercifolia
1872,204081,4680,Insecta,Southern Purple Mint Moth,Pyrausta laticlavia
1873,84844,4676,Insecta,Organ-pipe Mud-dauber Wasp,Trypoxylon politum
1874,83078,4675,Plantae,Sego Lily,Calochortus nuttallii
1875,122357,4675,Arachnida,Southern House Spider,Kukulcania hibernalis
1876,60317,4673,Plantae,Purslane Speedwell,Veronica peregrina
1877,367477,4671,Aves,Clapper Rail,Rallus crepitans
1878,27652,4666,Amphibia,Four-toed Salamander,Hemidactylium scutatum
1879,118749,4666,Plantae,Flame Azalea,Rhododendron calendulaceum
1880,131583,4662,Plantae,Wild Cowpea,Vigna luteola
1881,558951,4662,Reptilia,Common Ribbon Snake,Thamnophis saurita
1882,120875,4661,Insecta,Polka-Dot Wasp Moth,Syntomeida epilais
1883,126730,4660,Insecta,Woolly Darkling Beetle,Eleodes osculans
1884,143125,4658,Insecta,Gray-edged Snout,Hypena madefactalis
1885,230641,4653,Insecta,Deadwood Borer Moth,Scolecocampa liburna
1886,158098,4651,Plantae,Palmer's agave,Agave palmeri
1887,130734,4647,Plantae,Gumbo Limbo,Bursera simaruba
1888,36391,4645,Reptilia,Knight Anole,Anolis equestris
1889,53363,4645,Plantae,Golden chinquapin,Chrysolepis chrysophylla
1890,77112,4643,Plantae,green poinsettia,Euphorbia dentata
1891,81968,4643,Insecta,Police Car Moth,Gnophaela vermiculata
1892,143849,4641,Insecta,Common Pinkband,Ogdoconta cinereola
1893,120580,4640,Plantae,closed bottle gentian,Gentiana andrewsii
1894,99544,4637,Actinopterygii,American Gizzard Shad,Dorosoma cepedianum
1895,69172,4635,Plantae,Artillery Plant,Pilea microphylla
1896,1113584,4634,Fungi,Asian Beauty,Radulomyces copelandii
1897,154583,4631,Fungi,Viscid Violet Cort,Cortinarius iodes
1898,334038,4630,Insecta,Four-spurred Assassin Bug,Zelus tetracanthus
1899,16611,4628,Aves,Willow Flycatcher,Empidonax traillii
1900,61374,4628,Plantae,cutleaf groundcherry,Physalis angulata
1901,60843,4625,Plantae,woolly mule's ears,Wyethia mollis
1902,75281,4625,Plantae,strigose lotus,Acmispon strigosus
1903,121268,4623,Plantae,plantainleaf sedge,Carex plantaginea
1904,121792,4623,Insecta,Fine-backed Red Paper Wasp,Polistes carolina
1905,526062,4623,Insecta,Poey's Furrow Bee,Halictus poeyi
1906,1247035,4621,Fungi,Lynx Paw Oyster,Pleurotus levis
1907,3845,4620,Aves,Red Knot,Calidris canutus
1908,58382,4620,Plantae,Bulbous Bluegrass,Poa bulbosa
1909,1405994,4619,Plantae,northern wild raisin,Viburnum cassinoides
1910,129018,4618,Plantae,little barley,Hordeum pusillum
1911,79047,4617,Plantae,Tall western groundsel,Senecio integerrimus
1912,50715,4614,Plantae,Stream Orchid,Epipactis gigantea
1913,78630,4613,Plantae,arrowweed,Pluchea sericea
1914,53460,4612,Plantae,creeping snowberry,Gaultheria hispidula
1915,170106,4612,Plantae,Shiny blueberry,Vaccinium myrsinites
1916,77409,4610,Plantae,Rock Hibiscus,Hibiscus denudatus
1917,113521,4610,Insecta,Striped Meadowhawk,Sympetrum pallipes
1918,48701,4609,Fungi,King Bolete,Boletus edulis
1919,53497,4609,Insecta,Big-eyed Toad Bug,Gelastocoris oculatus
1920,325437,4606,Insecta,Goldenrod Bunch Gall Midge,Rhopalomyia solidaginis
1921,67555,4604,Plantae,Dead Man's Fingers,Codium fragile
1922,99641,4604,Insecta,Checkered Setwing,Dythemis fugax
1923,135262,4604,Plantae,White Morning-glory,Ipomoea lacunosa
1924,78544,4601,Plantae,spreading phlox,Phlox diffusa
1925,77999,4597,Plantae,sand blazingstar,Mentzelia involucrata
1926,223671,4595,Plantae,Michigan lily,Lilium michiganense
1927,58210,4594,Plantae,Colorado Four o'Clock,Mirabilis multiflora
1928,41755,4592,Mammalia,Steller Sea Lion,Eumetopias jubatus
1929,57082,4592,Plantae,California scrub oak,Quercus berberidifolia
1930,58960,4590,Plantae,Buck's-horn Plantain,Plantago coronopus
1931,624408,4590,Insecta,Marsh Dagger,Acronicta insularis
1932,62308,4589,Plantae,Giant Blazingstar,Mentzelia laevicaulis
1933,82578,4589,Plantae,Tuberous Grasspink,Calopogon tuberosus
1934,352462,4589,Fungi,Old-man-of-the-woods,Strobilomyces strobilaceus
1935,144013,4578,Fungi,Honeydew Eater,Scorias spongiosa
1936,76317,4576,Plantae,Devil's Spineflower,Chorizanthe rigida
1937,320499,4570,Insecta,Compost Fly,Ptecticus trivittatus
1938,52652,4568,Plantae,California pitcher plant,Darlingtonia californica
1939,295792,4568,Insecta,Rice Stink Bug,Oebalus pugnax
1940,60782,4565,Fungi,Deer Mushroom,Pluteus cervinus
1941,54503,4563,Plantae,Southern California Walnut,Juglans californica
1942,496176,4562,Fungi,hexagonal-pored polypore,Neofavolus alveolaris
1943,57971,4561,Plantae,narrowleaf goldenbush,Ericameria linearifolia
1944,50171,4559,Plantae,desert bluebells,Phacelia campanularia
1945,51636,4559,Plantae,hairy crabweed,Fatoua villosa
1946,802714,4558,Plantae,one-flowered cancer-root,Aphyllon uniflorum
1947,1095700,4556,Insecta,Blue Fungus Beetle,Cypherotylus californicus
1948,81793,4555,Plantae,rose vervain,Glandularia canadensis
1949,26765,4547,Amphibia,Western Tiger Salamander,Ambystoma mavortium
1950,78234,4546,Plantae,western yellow pond-lily,Nuphar polysepala
1951,179988,4541,Mammalia,Thirteen-lined Ground Squirrel,Ictidomys tridecemlineatus
1952,55024,4539,Mollusca,Common Jingle,Anomia simplex
1953,120550,4538,Plantae,Texas baby blue eyes,Nemophila phacelioides
1954,60460,4537,Plantae,marsh calla,Calla palustris
1955,55780,4535,Plantae,Arctic Butterbur,Petasites frigidus
1956,125708,4535,Fungi,Common Toadskin Lichen,Lasallia papulosa
1957,210209,4534,Insecta,,Micromus posticus
1958,48645,4533,Mollusca,Giant Keyhole Limpet,Megathura crenulata
1959,58511,4522,Insecta,Broad-winged Skipper,Poanes viator
1960,58931,4521,Plantae,woolly bluecurls,Trichostema lanatum
1961,113846,4519,Insecta,Desert Firetail,Telebasis salva
1962,1668953,4517,Amphibia,Pine Woods Tree Frog,Dryophytes femoralis
1963,52153,4516,Plantae,Prettyface,Triteleia ixioides
1964,15045,4515,Aves,Sage Thrasher,Oreoscoptes montanus
1965,216651,4515,Insecta,Cactus Coreid Bug,Chelinidea vittiger
1966,59454,4514,Plantae,desert fivespot,Eremalche rotundifolia
1967,218406,4513,Insecta,,Dicromantispa interrupta
1968,141855,4512,Plantae,Sweetleaf,Symplocos tinctoria
1969,84778,4509,Insecta,Colorado Potato Beetle,Leptinotarsa decemlineata
1970,705346,4507,Insecta,White-roped Glaphyria Moth,Glaphyria sesquistrialis
1971,76949,4504,Plantae,Loquat,Eriobotrya japonica
1972,1433448,4503,Fungi,,Hesperomyces harmoniae
1973,78455,4502,Plantae,pinkweed,Persicaria pensylvanica
1974,30724,4501,Reptilia,Red Diamond Rattlesnake,Crotalus ruber
1975,68770,4498,Chromista,Knotted Wrack,Ascophyllum nodosum
1976,131247,4492,Plantae,Florida rosemary,Ceratiola ericoides
1977,7464,4487,Aves,Canyon Wren,Catherpes mexicanus
1978,82026,4487,Insecta,Orange Assassin Bug,Pselliopus barberi
1979,224007,4486,Plantae,hairy puccoon,Lithospermum caroliniense
1980,58455,4484,Plantae,Littleleaf Rhatany,Krameria erecta
1981,57162,4483,Plantae,Little quaking-grass,Briza minor
1982,143592,4483,Insecta,Common Spragueia Moth,Spragueia leo
1983,49587,4478,Actinopterygii,Florida Bass,Micropterus salmoides
1984,56314,4477,Fungi,Trooping Crumble Cap,Coprinellus disseminatus
1985,29304,4473,Reptilia,Brown Watersnake,Nerodia taxispilota
1986,157903,4473,Plantae,Common Three-seeded Mercury,Acalypha rhomboidea
1987,79017,4472,Plantae,side-flowering skullcap,Scutellaria lateriflora
1988,166219,4472,Plantae,Rose pavonia,Pavonia lasiopetala
1989,55467,4470,Insecta,Omnivorous Looper,Sabulodes aegrotata
1990,126700,4470,Plantae,narrowleaf sunflower,Helianthus angustifolius
1991,58768,4469,Plantae,Bigelow's Spikemoss,Selaginella bigelovii
1992,1457832,4464,Insecta,Dorantes Longtail,Cecropterus dorantes
1993,61006,4462,Plantae,Hairy Vetchling,Lathyrus hirsutus
1994,69430,4461,Fungi,Candleflame Lichen,Candelaria concolor
1995,58812,4457,Plantae,Brass Buttons,Cotula coronopifolia
1996,55190,4456,Plantae,California Dutchman's Pipe,Aristolochia californica
1997,1599889,4456,Insecta,Southern Skipperling,Oarisma minima
1998,67629,4455,Actinopterygii,Tidepool Sculpin,Oligocottus maculosus
1999,85127,4451,Actinopterygii,Redear Sunfish,Lepomis microlophus
2000,57506,4446,Plantae,largeflower fairybells,Prosartes smithii
2001,68886,4443,Plantae,Moss Campion,Silene acaulis
2002,170200,4442,Plantae,linden viburnum,Viburnum dilatatum
2003,75736,4441,Plantae,Tornleaf Goldeneye,Bahiopsis laciniata
2004,130950,4439,Plantae,white rattlesnake root,Nabalus albus
2005,58087,4438,Plantae,Desert Prince's Plume,Stanleya pinnata
2006,50391,4435,Insecta,Hoary Comma,Polygonia gracilis
2007,122099,4433,Plantae,rosary pea,Abrus precatorius
2008,161660,4432,Plantae,Wild Blue Larkspur,Delphinium carolinianum
2009,253635,4432,Mollusca,Florida Cross-barred Venus,Chione elevata
2010,9864,4430,Aves,Saffron Finch,Sicalis flaveola
2011,77469,4428,Plantae,ballhead waterleaf,Hydrophyllum capitatum
2012,1097639,4425,Insecta,Live Oak Apple Gall Wasp,Amphibolips quercuspomiformis
2013,72797,4422,Aves,Sooty Grouse,Dendragapus fuliginosus
2014,133966,4422,Insecta,White Spring Moth,Lomographa vestaliata
2015,122356,4421,Insecta,Achemon Sphinx,Eumorpha achemon
2016,166459,4419,Plantae,Front Range Beardtongue,Penstemon virens
2017,57896,4417,Plantae,Prickly Russian Thistle,Salsola tragus
2018,208733,4417,Mollusca,Lettered Olive,Oliva sayana
2019,130003,4416,Insecta,American Oak Beauty,Phaeoura quernaria
2020,100476,4414,Actinopterygii,Fantail Darter,Etheostoma flabellare
2021,62296,4412,Plantae,broadleaf milkweed,Asclepias latifolia
2022,68405,4412,Plantae,Palmer's penstemon,Penstemon palmeri
2023,233921,4410,Mollusca,Cuban Brown Snail,Zachrysia provisoria
2024,775602,4408,Plantae,Hartweg's climbing milkweed,Funastrum heterophyllum
2025,510852,4407,Fungi,Bay Polypore,Picipes badius
2026,226718,4403,Insecta,Black Vine Weevil,Otiorhynchus sulcatus
2027,64715,4401,Plantae,Mojave Woodyaster,Xylorhiza tortifolia
2028,128713,4398,Plantae,Southern Swamp Crinum,Crinum americanum
2029,68088,4397,Plantae,western juniper,Juniperus occidentalis
2030,119138,4397,Plantae,slender bush clover,Lespedeza virginica
2031,81689,4395,Insecta,Gold-striped Leaftier Moth,Machimia tentoriferella
2032,119142,4384,Plantae,downy lobelia,Lobelia puberula
2033,76730,4383,Plantae,Fingertips,Dudleya edulis
2034,54526,4381,Mollusca,Giant Rock Scallop,Crassadoma gigantea
2035,196775,4381,Insecta,Larger Elm Leaf Beetle,Monocesta coryli
2036,447171,4375,Insecta,Round Bullet Gall Wasp,Disholcaspis quercusglobulus
2037,199581,4373,Insecta,Spotted Bird Grasshopper,Schistocerca lineata
2038,76182,4368,Plantae,chaparral whitethorn,Ceanothus leucodermis
2039,77791,4368,Plantae,smallflower woodland star,Lithophragma parviflorum
2040,199169,4367,Insecta,Sad Underwing,Catocala maestosa
2041,167517,4365,Plantae,skeleton fork fern,Psilotum nudum
2042,77795,4364,Plantae,western stoneseed,Lithospermum ruderale
2043,127264,4362,Plantae,Atamasco Lily,Zephyranthes atamasco
2044,212400,4362,Insecta,Eastern Grass Tubeworm Moth,Acrolophus plumifrontella
2045,82155,4361,Insecta,Eastern Phantom Crane Fly,Bittacomorpha clavipes
2046,119669,4361,Fungi,British soldier lichen,Cladonia cristatella
2047,3851,4360,Aves,Baird's Sandpiper,Calidris bairdii
2048,79452,4358,Plantae,large-flowered triteleia,Triteleia grandiflora
2049,153208,4358,Plantae,Mountain holly,Ilex mucronata
2050,49876,4357,Plantae,Pipestem Clematis,Clematis lasiantha
2051,125792,4356,Insecta,Oblong Woolcarder Bee,Anthidium oblongatum
2052,57793,4353,Plantae,bluehead gilia,Gilia capitata
2053,1496502,4352,Insecta,Northern Dusk-singing Cicada,Megatibicen grossus
2054,69753,4350,Plantae,long-leaved bluets,Houstonia longifolia
2055,498086,4350,Plantae,dark-throated shooting star,Primula pauciflora
2056,56033,4349,Plantae,smooth alder,Alnus serrulata
2057,125716,4346,Fungi,Chicken Fat Mushroom,Suillus americanus
2058,59892,4342,Insecta,California Root Borer,Prionus californicus
2059,30719,4340,Reptilia,Mojave Rattlesnake,Crotalus scutulatus
2060,73553,4337,Aves,Blue-winged Warbler,Vermivora cyanoptera
2061,216738,4337,Insecta,Black-smudged Chionodes Moth,Chionodes mediofuscella
2062,1220378,4337,Plantae,Sand Ricegrass,Eriocoma hymenoides
2063,467284,4335,Mollusca,White-speckled Dorid,Doriopsilla fulva
2064,1578960,4335,Aves,Least Bittern,Botaurus exilis
2065,76607,4334,Plantae,Fluffgrass,Dasyochloa pulchella
2066,123957,4334,Plantae,tall coreopsis,Coreopsis tripteris
2067,166328,4334,Plantae,Beardlip Penstemon,Penstemon barbatus
2068,68543,4333,Plantae,Sea Plantain,Plantago maritima
2069,145309,4331,Aves,Lawrence's Goldfinch,Spinus lawrencei
2070,77663,4326,Plantae,field peppergrass,Lepidium campestre
2071,78622,4326,Plantae,dwarf plantain,Plantago virginica
2072,128755,4325,Plantae,Mexican Plum,Prunus mexicana
2073,103495,4322,Insecta,Lilypad Forktail,Ischnura kellicotti
2074,1633475,4322,Fungi,,Phaeolus hispidoides
2075,27194,4318,Amphibia,Western Red-backed Salamander,Plethodon vehiculum
2076,200052,4316,Plantae,nodding spurge,Euphorbia nutans
2077,159830,4314,Plantae,bulbous cress,Cardamine bulbosa
2078,41789,4313,Mammalia,American Badger,Taxidea taxus
2079,63538,4312,Fungi,False Chanterelle,Hygrophoropsis aurantiaca
2080,362215,4312,Fungi,scaly ink cap,Coprinopsis variegata
2081,1094574,4312,Insecta,Yellow-collared Slug Moth,Apoda y-inversa
2082,54520,4310,Plantae,feverfew,Tanacetum parthenium
2083,76451,4309,Plantae,golden corydalis,Corydalis aurea
2084,133439,4308,Insecta,Golden Tortoise Beetle,Charidotella sexpunctata
2085,122765,4304,Insecta,Turbulent Phosphila Moth,Phosphila turbulenta
2086,76358,4303,Plantae,wavyleaf thistle,Cirsium undulatum
2087,120440,4303,Arachnida,White Micrathena,Micrathena mitrata
2088,84114,4301,Plantae,Southern Sneezeweed,Helenium flexuosum
2089,10585,4300,Aves,Lark Bunting,Calamospiza melanocorys
2090,48629,4300,Plantae,American plum,Prunus americana
2091,225815,4299,Arachnida,Filmy Dome Spider,Neriene radiata
2092,423950,4298,Fungi,Western Black Elfin Saddle,Helvella vespertina
2093,526815,4298,Plantae,Slimflower Scurfpea,Pediomelum tenuiflorum
2094,167826,4297,Plantae,Prairie flameleaf sumac,Rhus lanceolata
2095,79055,4295,Plantae,Arrowleaf Senecio,Senecio triangularis
2096,1568931,4293,Plantae,Yellow Bachelor's Button,Senega rugelii
2097,50073,4290,Insecta,Julia Heliconian,Dryas iulia
2098,78423,4290,Plantae,Showy Penstemon,Penstemon spectabilis
2099,123545,4290,Plantae,Pale Pitcher Plant,Sarracenia alata
2100,58118,4288,Plantae,big saltbush,Atriplex lentiformis
2101,1038574,4287,Plantae,smooth rockcress,Borodinia laevigata
2102,129672,4284,Plantae,Greater Tickseed,Coreopsis major
2103,860746,4280,Plantae,Gopher apple,Geobalanus oblongifolius
2104,104251,4278,Actinopterygii,Florida Gar,Lepisosteus platyrhincus
2105,79067,4276,Plantae,giant foxtail,Setaria faberi
2106,119960,4275,Plantae,Supplejack,Berchemia scandens
2107,121402,4272,Plantae,sand live oak,Quercus geminata
2108,79477,4266,Plantae,Sitka valerian,Valeriana sitchensis
2109,68993,4265,Insecta,Western Velvety Tree Ant,Liometopum occidentale
2110,143452,4263,Insecta,Lettered Sphinx,Deidamia inscriptum
2111,194495,4263,Mollusca,Spanish Shawl,Flabellinopsis iodinea
2112,6553,4261,Aves,White-throated Swift,Aeronautes saxatalis
2113,78824,4260,Plantae,sagebrush buttercup,Ranunculus glaberrimus
2114,154446,4260,Insecta,Hemlock Looper Moth,Lambdina fiscellaria
2115,9771,4258,Aves,Pine Grosbeak,Pinicola enucleator
2116,61373,4258,Animalia,Thin-shelled Rock Crab,Grapsus tenuicrustatus
2117,905640,4258,Plantae,intermediate bellflower,Campanula intercedens
2118,56753,4256,Plantae,Parry's phacelia,Phacelia parryi
2119,153443,4256,Insecta,Variable Oakleaf Caterpillar Moth,Lochmaeus manteo
2120,162321,4256,Plantae,Florida butterfly orchid,Encyclia tampensis
2121,61870,4254,Plantae,diamond clarkia,Clarkia rhomboidea
2122,79059,4253,Plantae,Coues' senna,Senna covesii
2123,36455,4250,Reptilia,Bark Anole,Anolis distichus
2124,1563799,4249,Plantae,lotebush,Condaliopsis obtusifolia
2125,501333,4246,Fungi,Frost's Bolete,Exsudoporus frostii
2126,169944,4244,Plantae,Tridax Daisy,Tridax procumbens
2127,194790,4243,Plantae,Texas lignum-vitae,Guaiacum angustifolium
2128,129263,4240,Insecta,Admirable Grasshopper,Syrbula admirabilis
2129,502885,4240,Mollusca,African Giant Snail,Lissachatina fulica
2130,64130,4233,Plantae,Wand Mullein,Verbascum virgatum
2131,53028,4232,Plantae,fuller's teasel,Dipsacus sativus
2132,34,4228,Aves,Whooping Crane,Grus americana
2133,26754,4228,Amphibia,Long-toed Salamander,Ambystoma macrodactylum
2134,128768,4228,Plantae,clammy groundcherry,Physalis heterophylla
2135,48213,4226,Mollusca,California Banana Slug,Ariolimax californicus
2136,148460,4225,Insecta,Laugher Moth,Charadra deridens
2137,59187,4223,Insecta,Propertius Duskywing,Erynnis propertius
2138,95982,4223,Insecta,Red-tailed Pennant,Brachymesia furcata
2139,53893,4221,Insecta,Northern Checkerspot,Chlosyne palla
2140,82503,4220,Arachnida,Giant Lichen Orbweaver,Araneus bicentenarius
2141,121732,4218,Insecta,Red-headed Ash Borer,Neoclytus acuminatus
2142,1064938,4218,Plantae,Guinea Grass,Megathyrsus maximus
2143,57805,4217,Plantae,pink-sorrel,Oxalis articulata
2144,56960,4216,Plantae,Hayfield Tarweed,Hemizonia congesta
2145,128934,4214,Plantae,prairie Indian plantain,Arnoglossum plantagineum
2146,79077,4213,Plantae,Cuban jute,Sida rhombifolia
2147,224089,4213,Insecta,Double-lined Prominent,Lochmaeus bilineata
2148,81897,4207,Plantae,eastern wild indigo,Baptisia tinctoria
2149,200017,4206,Insecta,F-winged Barklouse,Graphopsocus cruciatus
2150,558512,4203,Aves,Northern Shrike,Lanius borealis
2151,82552,4201,Plantae,silvery glade fern,Deparia acrostichoides
2152,501208,4195,Plantae,Cretan mallow,Malva multiflora
2153,70057,4188,Insecta,Emerald Ash Borer,Agrilus planipennis
2154,55272,4187,Fungi,Golden Spindles,Clavulinopsis fusiformis
2155,69844,4187,Insecta,Falcate Orangetip,Anthocharis midea
2156,29813,4185,Reptilia,Eastern Kingsnake,Lampropeltis getula
2157,55466,4185,Plantae,Bear’s-foot Sanicle,Sanicula arctopoides
2158,127689,4184,Plantae,pale purple coneflower,Echinacea pallida
2159,122711,4183,Plantae,Akeake,Dodonaea viscosa
2160,132210,4183,Insecta,Mottled Tortoise Beetle,Deloyala guttata
2161,118830,4182,Plantae,Mountain Deathcamas,Anticlea elegans
2162,78560,4181,Plantae,pink mountainheath,Phyllodoce empetriformis
2163,205216,4181,Insecta,Tufted Bird-dropping Moth,Cerma cerintha
2164,121176,4180,Fungi,Bushy beard lichen,Usnea strigosa
2165,62223,4179,Plantae,Lewis' mock orange,Philadelphus lewisii
2166,78618,4178,Plantae,Woolly Plantain,Plantago patagonica
2167,154287,4178,Insecta,Striped Cucumber Beetle,Acalymma vittatum
2168,227864,4171,Insecta,Spotted Phosphila Moth,Phosphila miselioides
2169,322944,4168,Arachnida,canopy jumping spider,Phidippus otiosus
2170,43116,4167,Mammalia,Swamp Rabbit,Sylvilagus aquaticus
2171,76745,4166,Plantae,Three-way Sedge,Dulichium arundinaceum
2172,51082,4164,Plantae,purple groundcherry,Quincula lobata
2173,1268642,4162,Plantae,Australian Umbrella Tree,Heptapleurum actinophyllum
2174,145367,4159,Plantae,pineweed,Hypericum gentianoides
2175,334319,4159,Fungi,Eastern cauliflower mushroom,Sparassis spathulata
2176,356419,4156,Insecta,Dark Rover Ant,Brachymyrmex patagonicus
2177,980722,4152,Insecta,White-bowed Smoothwing,Scaeva affinis
2178,1473952,4151,Insecta,Turkestan Cockroach,Periplaneta lateralis
2179,56015,4148,Plantae,saltcedar,Tamarix ramosissima
2180,82311,4148,Plantae,hop sedge,Carex lupulina
2181,47014,4143,Mammalia,Eastern Mole,Scalopus aquaticus
2182,301410,4141,Insecta,Margined Shining Leaf Chafer,Callistethus marginatus
2183,55679,4139,Plantae,Pale flax,Linum bienne
2184,59008,4139,Plantae,Narrowleaf Willow,Salix exigua
2185,47563,4137,Plantae,oleander,Nerium oleander
2186,77493,4137,Plantae,Spring starflower,Ipheion uniflorum
2187,1651488,4136,Aves,White-headed Woodpecker,Leuconotopicus albolarvatus
2188,78589,4135,Plantae,Water Lettuce,Pistia stratiotes
2189,55552,4132,Plantae,Sierra Gooseberry,Ribes roezlii
2190,231421,4132,Mollusca,West Atlantic Surfclam,Spisula solidissima
2191,204172,4126,Plantae,climbing false buckwheat,Fallopia scandens
2192,58185,4125,Plantae,Lacy phacelia,Phacelia tanacetifolia
2193,131555,4125,Plantae,Saltmarsh Morning-glory,Ipomoea sagittata
2194,143610,4124,Insecta,Oak Besma Moth,Besma quercivoraria
2195,61827,4122,Plantae,Belladonna Lily,Amaryllis belladonna
2196,164988,4122,Plantae,coastal plain staggerbush,Lyonia fruticosa
2197,218925,4122,Insecta,Chalcedony Midget,Elaphria chalcedonia
2198,48716,4121,Fungi,orange peel fungus,Aleuria aurantia
2199,154543,4120,Plantae,common dittany,Cunila origanoides
2200,70097,4119,Plantae,thistle poppy,Argemone polyanthemos
2201,233019,4117,Insecta,Harp-winged Tripudia Moth,Tripudia quadrifera
2202,222585,4114,Insecta,Laudable Arches,Lacinipolia laudabilis
2203,133293,4111,Plantae,Carolina Sea Lavender,Limonium carolinianum
2204,33387,4110,Reptilia,Western Banded Gecko,Coleonyx variegatus
2205,1074458,4110,Insecta,Georgian Prominent,Paraeschra georgica
2206,46272,4107,Mammalia,Southern Flying Squirrel,Glaucomys volans
2207,217968,4105,Insecta,Dwarf Tawny Wave,Cyclophora nanaria
2208,474590,4105,Mollusca,White-spotted Sea Goddess,Doriopsilla albopunctata
2209,84470,4102,Insecta,Elm Sphinx,Ceratomia amyntor
2210,127492,4098,Insecta,Bilobed Looper Moth,Megalographa biloba
2211,372376,4098,Plantae,Sweet scabious,Sixalix atropurpurea
2212,947590,4098,Insecta,Vagabond Sod Webworm Moth,Agriphila vulgivagellus
2213,59782,4097,Plantae,Hooker's onion,Allium acuminatum
2214,10369,4096,Aves,Bronzed Cowbird,Molothrus aeneus
2215,202003,4096,Insecta,Plains Bee Assassin,Apiomerus spissipes
2216,60234,4095,Plantae,seaside brookweed,Samolus parviflorus
2217,78524,4093,Plantae,Silky Phacelia,Phacelia sericea
2218,117650,4091,Mollusca,Blue Mussel,Mytilus edulis
2219,62213,4090,Plantae,marsh cinquefoil,Comarum palustre
2220,119110,4090,Arachnida,Hawaiian Garden Spider,Argiope appensa
2221,78016,4089,Plantae,Bogbean,Menyanthes trifoliata
2222,30494,4085,Reptilia,Texas Coralsnake,Micrurus tener
2223,53885,4085,Fungi,Fairy Fingers,Clavaria fragilis
2224,324650,4085,Insecta,Sculptured Moth,Eumarozia malachitana
2225,76608,4083,Plantae,desert thorn-apple,Datura discolor
2226,52703,4081,Plantae,common soft brome,Bromus hordeaceus
2227,40086,4079,Reptilia,Mojave Desert Tortoise,Gopherus agassizii
2228,48981,4077,Mollusca,Salt-and-pepper Doris,Aegires albopunctatus
2229,82203,4077,Plantae,bog myrtle,Myrica gale
2230,194109,4074,Plantae,Spanish Gold,Grindelia ciliata
2231,846,4073,Aves,Chukar,Alectoris chukar
2232,27474,4073,Amphibia,Black-bellied Slender Salamander,Batrachoseps nigriventris
2233,132881,4073,Insecta,Ultronia Underwing,Catocala ultronia
2234,199408,4073,Plantae,buffelgrass,Cenchrus ciliaris
2235,62474,4069,Plantae,Brittle Pricklypear,Opuntia fragilis
2236,73884,4069,Reptilia,Great Plains Ratsnake,Pantherophis emoryi
2237,1264431,4067,Mammalia,Long-tailed Weasel,Neogale frenata
2238,160818,4065,Plantae,Scrambling Dayflower,Commelina diffusa
2239,207615,4065,Insecta,Apache Paper Wasp,Polistes apachus
2240,123544,4064,Plantae,hooded pitcher plant,Sarracenia minor
2241,46087,4063,Mammalia,Hoary Marmot,Marmota caligata
2242,348830,4061,Fungi,Western Yellow-veiled Amanita,Amanita augusta
2243,59613,4059,Plantae,woollypod milkvetch,Astragalus purshii
2244,65828,4057,Amphibia,Sonoran Desert Toad,Incilius alvarius
2245,26916,4056,Reptilia,Common Sharp-tailed Snake,Contia tenuis
2246,94625,4056,Insecta,Unicorn Clubtail,Arigomphus villosipes
2247,11941,4055,Aves,Bank Swallow,Riparia riparia
2248,132625,4052,Plantae,He-huckleberry,Lyonia ligustrina
2249,113519,4051,Insecta,White-faced Meadowhawk,Sympetrum obtrusum
2250,136367,4051,Plantae,Carolina Vetch,Vicia caroliniana
2251,154473,4051,Plantae,Virginia mountain mint,Pycnanthemum virginianum
2252,41301,4050,Mammalia,Mexican Free-tailed Bat,Tadarida brasiliensis
2253,130690,4050,Plantae,Virginia meadowbeauty,Rhexia virginica
2254,130991,4049,Plantae,Virginia spiderwort,Tradescantia virginiana
2255,61595,4048,Insecta,Eastern Yellow-backed Laphria,Laphria thoracica
2256,24263,4047,Amphibia,Upland Chorus Frog,Pseudacris feriarum
2257,51737,4047,Plantae,tomato,Solanum lycopersicum
2258,490542,4047,Plantae,Virginia dwarfdandelion,Krigia virginica
2259,53768,4045,Arachnida,,Leucauge argyra
2260,148030,4045,Mammalia,Donkey,Equus asinus
2261,84437,4044,Insecta,Roundneck Sexton Beetle,Nicrophorus orbicollis
2262,143302,4044,Mollusca,Changeable Mantleslug,Megapallifera mutabilis
2263,77120,4042,Plantae,slender leafy spurge,Euphorbia virgata
2264,36281,4041,Reptilia,Clark's Spiny Lizard,Sceloporus clarkii
2265,54613,4040,Fungi,wolf lichen,Letharia vulpina
2266,40083,4039,Reptilia,Texas Tortoise,Gopherus berlandieri
2267,57786,4037,Plantae,shortspur seablush,Plectritis congesta
2268,78257,4036,Plantae,grasswidow,Olsynium douglasii
2269,59556,4035,Plantae,Western Redbud,Cercis occidentalis
2270,222344,4035,Insecta,Thin-lined Owlet,Isogona tenuis
2271,60774,4032,Insecta,Grapevine Epimenis Moth,Psychomorpha epimenis
2272,53399,4030,Plantae,Coast silk tassel,Garrya elliptica
2273,69669,4029,Insecta,Vetch Looper Moth,Caenurgia chloropha
2274,334271,4026,Insecta,,Eleodes goryi
2275,169087,4025,Plantae,Texas nightshade,Solanum triquetrum
2276,52702,4023,Plantae,great brome,Bromus diandrus
2277,60952,4023,Plantae,coastal sagewort,Artemisia pycnocephala
2278,109885,4019,Actinopterygii,Sailfin Molly,Poecilia latipinna
2279,14895,4013,Aves,Long-billed Thrasher,Toxostoma longirostre
2280,1378524,4012,Insecta,Barberry Geometer Moth,Rheumaptera meadii
2281,68153,4008,Fungi,stalked puffball-in-aspic,Calostoma cinnabarinum
2282,83016,4008,Arachnida,Pacific Coast Tick,Dermacentor occidentalis
2283,50832,4007,Plantae,bird's-eye gilia,Gilia tricolor
2284,59300,4004,Insecta,Celery Looper Moth,Anagrapha falcifera
2285,118041,4001,Fungi,Blushing Rosette,Abortiporus biennis
2286,58357,3997,Plantae,goldenstar,Bloomeria crocea
2287,64714,3997,Plantae,bog bilberry,Vaccinium uliginosum
2288,78967,3997,Plantae,Dorr's Sage,Salvia dorrii
2289,193896,3992,Mollusca,Fighting Conch,Strombus pugilis
2290,53072,3991,Insecta,American Sand Wasp,Bembix americana
2291,1368641,3987,Insecta,Shiny Acrobat Ant,Crematogaster laeviuscula
2292,126522,3984,Protozoa,Red Raspberry Slime Mold,Tubifera ferruginosa
2293,120282,3982,Insecta,Twice-stabbed Lady Beetle,Chilocorus stigma
2294,165075,3981,Plantae,bigleaf magnolia,Magnolia macrophylla
2295,167031,3981,Plantae,Arizona sycamore,Platanus wrightii
2296,58635,3980,Actinopterygii,Longear Sunfish,Lepomis megalotis
2297,891308,3976,Plantae,hornbeam copperleaf,Acalypha persimilis
2298,162093,3974,Plantae,dwarf sundew,Drosera brevifolia
2299,204177,3974,Plantae,halberd-leaved tearthumb,Persicaria arifolia
2300,81556,3973,Actinopterygii,White Sucker,Catostomus commersonii
2301,148908,3973,Insecta,Soybean Looper Moth,Chrysodeixis includens
2302,79016,3972,Plantae,Marsh Skullcap,Scutellaria galericulata
2303,59063,3969,Plantae,straw-colored flatsedge,Cyperus strigosus
2304,77378,3967,Plantae,Monterey Cypress,Hesperocyparis macrocarpa
2305,228899,3967,Insecta,Dot-lined Angle,Psamatodes abydata
2306,49509,3964,Actinopterygii,Gray Snapper,Lutjanus griseus
2307,48679,3963,Insecta,Oak Treehopper,Platycotis vittata
2308,81752,3962,Insecta,Coffee-loving Pyrausta Moth,Pyrausta tyralis
2309,52846,3961,Plantae,Bur Parsley,Anthriscus caucalis
2310,67712,3961,Arachnida,Shoreline Wolf Spider,Arctosa littoralis
2311,81598,3961,Plantae,white prairie clover,Dalea candida
2312,75933,3960,Plantae,pink fairy-duster,Calliandra eriophylla
2313,78263,3960,Plantae,Pancake Pricklypear,Opuntia chlorotica
2314,81572,3958,Insecta,American Giant Water Bug,Lethocerus americanus
2315,503453,3957,Mollusca,Lightning Whelk,Sinistrofulgur sinistrum
2316,47425,3955,Mollusca,Lined Chiton,Tonicella lineata
2317,57852,3953,Plantae,white ramping-fumitory,Fumaria capreolata
2318,60015,3952,Plantae,Sweet-William,Dianthus barbatus
2319,1360298,3950,Insecta,Purplish Copper,Tharsalea helloides
2320,203488,3948,Insecta,Bramble Mason Wasp,Ancistrocerus adiabatus
2321,319831,3948,Insecta,Common Snipe Fly,Rhagio mystaceus
2322,78616,3947,Plantae,bracted plantain,Plantago aristata
2323,128733,3946,Plantae,Carolina desert-chicory,Pyrrhopappus carolinianus
2324,132094,3945,Insecta,Diaprepes Root Weevil,Diaprepes abbreviatus
2325,1537057,3945,Fungi,Rosy Conk,Fomitopsis cajanderi
2326,61413,3944,Insecta,Common Bagworm Moth,Psyche casta
2327,52106,3941,Plantae,Mountain Jewelflower,Streptanthus tortuosus
2328,148019,3941,Plantae,Pitcher's leatherflower,Clematis pitcheri
2329,1557768,3941,Insecta,Monk Skipper,Choranthus capucinus
2330,67559,3940,Insecta,Arizona Sister,Adelpha eulalia
2331,138983,3938,Plantae,hairy lespedeza,Lespedeza hirta
2332,122662,3937,Plantae,Pūkiawe,Leptecophylla tameiameiae
2333,208963,3937,Plantae,black swallow-wort,Vincetoxicum nigrum
2334,233860,3937,Insecta,Rustic Borer,Xylotrechus colonus
2335,136608,3936,Plantae,greater whipwort,Bazzania trilobata
2336,158198,3933,Plantae,velvet-leaf mallow,Allowissadula holosericea
2337,169396,3932,Plantae,Texas Stillingia,Stillingia texana
2338,61782,3931,Plantae,western heart's ease,Viola ocellata
2339,264674,3931,Insecta,Blue-eyed Ensign Wasp,Evania appendigaster
2340,39865,3929,Reptilia,Wood Turtle,Glyptemys insculpta
2341,68084,3928,Plantae,western white pine,Pinus monticola
2342,60987,3927,Plantae,Lesser swine-cress,Lepidium didymum
2343,127916,3927,Plantae,rose twisted-stalk,Streptopus lanceolatus
2344,53315,3924,Plantae,Dwarf Nettle,Urtica urens
2345,553158,3924,Plantae,Eastern Pricklypear,Opuntia cespitosa
2346,79521,3922,Plantae,Mexican Fan Palm,Washingtonia robusta
2347,307904,3922,Insecta,Black Corsair,Melanolestes picipes
2348,460834,3919,Plantae,flathead rabbit tobacco,Diaperia prolifera
2349,79460,3917,Plantae,Tower Mustard,Turritis glabra
2350,539508,3916,Reptilia,Southwestern Speckled Rattlesnake,Crotalus pyrrhus
2351,58184,3915,Plantae,Frémont's Phacelia,Phacelia fremontii
2352,320034,3915,Insecta,Ocellate Gall Midge,Acericecis ocellaris
2353,82175,3914,Insecta,Orange-spotted Flower Moth,Syngamia florella
2354,1426765,3914,Fungi,Fan-shaped Jelly Fungus,Dacrymyces spathularia
2355,129223,3913,Insecta,Green Pug,Pasiphila rectangulata
2356,120583,3912,Arachnida,Common House Spider,Parasteatoda tepidariorum
2357,224975,3912,Arachnida,South American Toothed Hacklemesh Weaver,Metaltella simoni
2358,180759,3910,Arachnida,Desert Tarantula,Aphonopelma iodius
2359,61039,3909,Plantae,Pacific Wax myrtle,Morella californica
2360,51351,3908,Actinopterygii,Golden Shiner,Notemigonus crysoleucas
2361,204014,3906,Insecta,Morning-glory Prominent,Schizura ipomaeae
2362,1581467,3906,Insecta,Fine striped sweat bee,Agapostemon subtilior
2363,69648,3900,Plantae,false mermaid,Floerkea proserpinacoides
2364,51138,3899,Plantae,Golden Club,Orontium aquaticum
2365,75958,3894,Plantae,One-seeded Pussypaws,Calyptridium monospermum
2366,553849,3892,Plantae,mock azalea,Rhododendron menziesii
2367,64411,3891,Plantae,Catalina mariposa lily,Calochortus catalinae
2368,64119,3890,Plantae,Indian fig opuntia,Opuntia ficus-indica
2369,85008,3890,Plantae,Turk's-cap lily,Lilium superbum
2370,205231,3889,Insecta,Single-dotted Wave,Idaea dimidiata
2371,60997,3888,Plantae,coontail,Ceratophyllum demersum
2372,4644,3886,Aves,Prairie Falcon,Falco mexicanus
2373,130367,3886,Plantae,hairy sweet cicely,Osmorhiza claytonii
2374,943258,3886,Plantae,Lindheimer's silktassel,Garrya lindheimeri
2375,56852,3882,Plantae,Blow Wives,Achyrachaena mollis
2376,82752,3882,Plantae,sidebeak pencilflower,Stylosanthes biflora
2377,49749,3880,Actinopterygii,Freshwater Drum,Aplodinotus grunniens
2378,169872,3878,Plantae,Purple Heart,Tradescantia pallida
2379,82372,3876,Plantae,licorice bedstraw,Galium circaezans
2380,132078,3876,Plantae,Musky mint,Hyptis alata
2381,204589,3873,Fungi,Jackson's slender Caesar,Amanita jacksonii
2382,226221,3873,Insecta,Narrow-winged Tree Cricket,Oecanthus niveus
2383,162189,3872,Plantae,strawberry hedgehog cactus,Echinocereus stramineus
2384,143140,3871,Insecta,Eastern Gemmed-Satyr,Cyllopsis gemma
2385,136373,3868,Plantae,American senna,Senna hebecarpa
2386,40522,3867,Mammalia,Eastern Red Bat,Lasiurus borealis
2387,67802,3867,Plantae,Greasewood,Sarcobatus vermiculatus
2388,143485,3866,Insecta,Dark-barred Twin-spot Carpet,Xanthorhoe ferrugata
2389,68848,3863,Plantae,Grey Field-speedwell,Veronica polita
2390,208112,3863,Insecta,Splendid Palpita Moth,Palpita magniferalis
2391,61012,3862,Plantae,Spotted medick,Medicago arabica
2392,78118,3862,Plantae,Mojave desertstar,Monoptilon bellioides
2393,82247,3861,Plantae,southern arrowwood,Viburnum dentatum
2394,209108,3861,Insecta,Gazelle Scarab,Digitonthophagus gazella
2395,780312,3856,Insecta,Jumping Bush Cricket,Hapithus saltator
2396,851888,3856,Plantae,Nickernut,Guilandina bonduc
2397,168395,3855,Plantae,cedar sage,Salvia roemeriana
2398,62888,3854,Plantae,Beach Sheoak,Casuarina equisetifolia
2399,161508,3854,Plantae,Swamp titi,Cyrilla racemiflora
2400,955949,3854,Fungi,Yellow Fairy Cups,Calycina citrina
2401,57881,3851,Plantae,Little Gold Poppy,Eschscholzia minutiflora
2402,126339,3849,Plantae,marsh pink,Sabatia stellaris
2403,58752,3848,Insecta,Western Calligrapher,Toxomerus occidentalis
2404,143905,3848,Insecta,Mormon Cricket,Anabrus simplex
2405,1686721,3847,Plantae,Cut-leaf Ironplant,Sideranthus spinulosus
2406,287170,3846,Plantae,corkystem passionvine,Passiflora pallida
2407,58609,3845,Actinopterygii,Longnose Gar,Lepisosteus osseus
2408,129908,3844,Fungi,hairy rubber cup,Galiella rufa
2409,461265,3844,Mollusca,Island Apple Snail,Pomacea maculata
2410,127050,3843,Fungi,hypoxylon canker,Biscogniauxia atropunctata
2411,83089,3842,Insecta,,Megalodacne heros
2412,226910,3839,Insecta,Eastern Panthea Moth,Panthea furcilla
2413,166444,3838,Plantae,Rocky Mountain beardtongue,Penstemon strictus
2414,70005,3834,Mollusca,Eastern Mudsnail,Ilyanassa obsoleta
2415,123841,3834,Insecta,Southern Pink-striped Oakworm Moth,Anisota pellucida
2416,53491,3832,Reptilia,Eastern Diamondback Rattlesnake,Crotalus adamanteus
2417,164029,3828,Plantae,snake apple,Ibervillea lindheimeri
2418,48233,3827,Plantae,Fishbone Fern,Nephrolepis cordifolia
2419,153871,3827,Arachnida,Broad-faced Sac Spider,Trachelas tranquillus
2420,120443,3826,Fungi,Pacific Golden Chanterelle,Cantharellus formosus
2421,53386,3825,Plantae,bush chinquapin,Chrysolepis sempervirens
2422,143660,3823,Insecta,Squash Bug,Anasa tristis
2423,166605,3820,Plantae,Miami Mist,Phacelia purshii
2424,48938,3819,Plantae,cushion buckwheat,Eriogonum ovalifolium
2425,75569,3819,Plantae,heartleaf arnica,Arnica cordifolia
2426,126342,3819,Plantae,Tarflower,Bejaria racemosa
2427,1493155,3817,Plantae,western honey mesquite,Neltuma odorata
2428,131673,3814,Insecta,White Slant-line,Tetracis cachexiata
2429,83105,3812,Plantae,lechuguilla,Agave lechuguilla
2430,131076,3811,Insecta,Larder Beetle,Dermestes lardarius
2431,224488,3809,Arachnida,Northern Crab Spider,Mecaphesa asperata
2432,154213,3807,Insecta,Oriental Cockroach,Blatta orientalis
2433,125545,3806,Mollusca,Fatmucket,Lampsilis siliquoidea
2434,54792,3805,Plantae,Butternut,Juglans cinerea
2435,143517,3805,Insecta,Peppered Moth,Biston betularia
2436,116349,3804,Plantae,spring blue-eyed Mary,Collinsia verna
2437,208873,3804,Mollusca,Ponderous Ark,Noetia ponderosa
2438,324665,3802,Insecta,Green Oak-Slug Moth,Euclea incisa
2439,69972,3801,Plantae,Pond Apple,Annona glabra
2440,119170,3798,Insecta,Oak Bush-cricket,Meconema thalassinum
2441,118084,3797,Fungi,Dyer's Polypore,Phaeolus schweinitzii
2442,322661,3797,Fungi,Evans' Deer Moss,Cladonia evansii
2443,143441,3796,Insecta,Pawpaw Sphinx,Dolba hyloeus
2444,55291,3792,Fungi,red pinwheel,Marasmius plicatulus
2445,53124,3790,Plantae,hillside woodland star,Lithophragma heterophyllum
2446,117426,3788,Plantae,Cucumber-tree,Magnolia acuminata
2447,28850,3786,Reptilia,Queensnake,Regina septemvittata
2448,58906,3785,Plantae,collared annual lupine,Lupinus truncatus
2449,39753,3784,Reptilia,Striped Mud Turtle,Kinosternon baurii
2450,64973,3783,Amphibia,Great Plains Toad,Anaxyrus cognatus
2451,79409,3783,Plantae,large hop clover,Trifolium aureum
2452,118486,3782,Insecta,Common Angle,Macaria aemulataria
2453,133305,3777,Plantae,roundleaf bluet,Houstonia procumbens
2454,76599,3774,Plantae,Durban Crowfoot,Dactyloctenium aegyptium
2455,179994,3774,Mammalia,Uinta Ground Squirrel,Urocitellus armatus
2456,58003,3772,Plantae,whitedaisy tidytips,Layia glandulosa
2457,127920,3771,Plantae,early blue cohosh,Caulophyllum giganteum
2458,129509,3770,Plantae,Canada yew,Taxus canadensis
2459,58128,3769,Plantae,Hopsage,Grayia spinosa
2460,498277,3769,Plantae,yellow stonecrop,Sedum nuttallii
2461,68239,3768,Insecta,Clodius Parnassian,Parnassius clodius
2462,622790,3768,Plantae,Baker Kingcup Cactus,Echinocereus bakeri
2463,52698,3767,Plantae,wild oat,Avena fatua
2464,71146,3767,Plantae,springbank clover,Trifolium wormskioldii
2465,77842,3766,Plantae,Partridgefoot,Luetkea pectinata
2466,790491,3766,Insecta,Obscure Darkling Beetle,Eleodes obscura
2467,118901,3764,Insecta,Bedstraw Hawkmoth,Hyles gallii
2468,134277,3764,Amphibia,Western Narrow-mouthed Toad,Gastrophryne olivacea
2469,209405,3764,Insecta,Reticulated Fruitworm Moth,Cenopis reticulatana
2470,76002,3760,Plantae,Nuttall's toothwort,Cardamine nuttallii
2471,153351,3759,Plantae,large-flowered beardtongue,Penstemon grandiflorus
2472,1023451,3758,Insecta,Eastern White-blotched Prominent,Heterocampa pulverea
2473,128848,3756,Plantae,Youth-on-Age,Tolmiea menziesii
2474,153942,3755,Plantae,Rhodora,Rhododendron canadense
2475,559683,3755,Plantae,Spider flower,Cleome houtteana
2476,54191,3754,Actinopterygii,Chinook Salmon,Oncorhynchus tshawytscha
2477,118027,3754,Fungi,club-like tuning fork,Calocera cornea
2478,298663,3753,Arachnida,Giant Crab Spider,Olios giganteus
2479,350511,3753,Fungi,Yellowfoot,Craterellus tubaeformis
2480,27188,3751,Amphibia,White-spotted Slimy Salamander,Plethodon cylindraceus
2481,52492,3751,Plantae,false staghorn fern,Dicranopteris linearis
2482,55262,3751,Insecta,Black Stink Bug,Proxys punctulatus
2483,135393,3751,Plantae,heart leaf peppervine,Ampelopsis cordata
2484,144490,3751,Aves,Wandering Tattler,Tringa incana
2485,146706,3750,Arachnida,Northern Black Widow,Latrodectus variolus
2486,130377,3746,Plantae,field goldenrod,Solidago nemoralis
2487,135318,3744,Insecta,Harnessed Tiger Moth,Apantesis phalerata
2488,160557,3744,Plantae,Maryland golden-aster,Chrysopsis mariana
2489,1505633,3744,Aves,Wilson's Plover,Anarhynchus wilsonia
2490,143362,3743,Plantae,sarsaparilla vine,Smilax pumila
2491,167067,3743,Plantae,Camphor-weed,Pluchea camphorata
2492,50338,3739,Plantae,Peruvian primrose-willow,Ludwigia peruviana
2493,117422,3738,Fungi,Pink Earth Lichen,Dibaeis baeomyces
2494,126595,3738,Plantae,Florida pennyroyal,Piloblephis rigida
2495,311434,3737,Insecta,Common Grass Skimmer,Paragus haemorrhous
2496,125682,3736,Plantae,Virginia Dayflower,Commelina virginica
2497,4893,3734,Aves,American Golden-Plover,Pluvialis dominica
2498,765132,3734,Mollusca,Atlantic Jackknife,Ensis leei
2499,46316,3733,Mammalia,West Indian Manatee,Trichechus manatus
2500,62678,3733,Plantae,mountain coyote mint,Monardella odoratissima
2501,148090,3733,Arachnida,Peppered Jumping Spider,Pelegrina galathea
2502,1562178,3732,Mammalia,Tamanend's Bottlenose Dolphin,Tursiops erebennus
2503,94559,3729,Insecta,Aztec Dancer,Argia nahuana
2504,145366,3724,Protozoa,False Puffball,Reticularia lycoperdon
2505,348711,3723,Fungi,Parrot Mushroom,Gliophorus psittacinus
2506,70040,3721,Plantae,Saltwort,Batis maritima
2507,53103,3720,Plantae,Smooth Cat's Ear,Hypochaeris glabra
2508,538959,3720,Arachnida,Grey Cross Spider,Larinioides sclopetarius
2509,56825,3717,Plantae,woollyfruit desertparsley,Lomatium dasycarpum
2510,116694,3716,Plantae,creeping beggarweed,Desmodium incanum
2511,152133,3715,Plantae,common elephant's-foot,Elephantopus tomentosus
2512,226889,3713,Insecta,Decorated Owlet,Pangrapta decoralis
2513,82724,3710,Insecta,Big-headed Ground Beetle,Scarites subterraneus
2514,354699,3710,Fungi,Oak-loving Elfin Saddle,Helvella dryophila
2515,348815,3709,Fungi,Ornate-stalked bolete,Retiboletus ornatipes
2516,57069,3708,Plantae,chick lupine,Lupinus microcarpus
2517,57923,3705,Plantae,Common Yellow Chaenactis,Chaenactis glabriuscula
2518,83492,3705,Plantae,Indian Heliotrope,Heliotropium indicum
2519,222528,3705,Insecta,Banded Hickory Borer,Knulliana cincta
2520,70990,3702,Insecta,Spiny Leaf Gall Wasp,Diplolepis polita
2521,143564,3702,Insecta,Yellow-striped Leafhopper,Sibovia occatoria
2522,159499,3701,Plantae,spoon-leaved moss,Bryoandersonia illecebra
2523,230586,3701,Insecta,Mischievous Bird Grasshopper,Schistocerca damnifica
2524,51392,3699,Actinopterygii,Striped Bass,Morone saxatilis
2525,153558,3699,Arachnida,Tuft-legged Orbweaver,Mangora placida
2526,69849,3698,Plantae,western larch,Larix occidentalis
2527,170344,3696,Plantae,Shrub Yellowroot,Xanthorhiza simplicissima
2528,1419,3694,Aves,Scaled Quail,Callipepla squamata
2529,48458,3692,Mollusca,Sorcerer's Dorid,Polycera atra
2530,44575,3691,Mammalia,Black Rat,Rattus rattus
2531,122246,3691,Animalia,Squareback Marsh Crab,Armases cinereum
2532,129314,3691,Plantae,northern green-and-gold,Chrysogonum virginianum
2533,46018,3690,Mammalia,Abert's Squirrel,Sciurus aberti
2534,120147,3689,Insecta,Pumpkin Gall Wasp,Dryocosmus minusculus
2535,447427,3689,Mollusca,Lewis's Moon Snail,Neverita lewisii
2536,100369,3688,Insecta,Eastern Ringtail,Erpetogomphus designatus
2537,83958,3682,Insecta,California Oak Moth,Phryganidia californica
2538,164401,3679,Plantae,Carolina redroot,Lachnanthes caroliana
2539,224854,3679,Insecta,Cellar Graphic,Melipotis cellaris
2540,50708,3677,Plantae,Striped Coralroot,Corallorhiza striata
2541,126341,3676,Plantae,rose rush,Lygodesmia aphylla
2542,212397,3676,Insecta,Arcane Grass Tubeworm Moth,Acrolophus arcanella
2543,1587240,3675,Insecta,Eastern Buck Moth,Hemileuca sandra
2544,77971,3674,Plantae,little bur-clover,Medicago minima
2545,157642,3673,Plantae,Chameleon Plant,Houttuynia cordata
2546,164138,3673,Plantae,Dwarf Iris,Iris verna
2547,27225,3671,Amphibia,Northern Zigzag Salamander,Plethodon dorsalis
2548,63868,3670,Plantae,serpentine fern,Aspidotis densa
2549,128950,3668,Insecta,Black-and-yellow Lichen Moth,Lycomorpha pholus
2550,261351,3667,Insecta,Conchuela Bug,Chlorochroa ligata
2551,60201,3662,Plantae,Subterranean Clover,Trifolium subterraneum
2552,154478,3662,Insecta,Pale-banded Dart,Agnorisma badinodis
2553,75833,3661,Plantae,scarlet spiderling,Boerhavia coccinea
2554,160873,3661,Plantae,Anacahuita,Cordia boissieri
2555,359686,3661,Insecta,Cross-striped Cabbageworm Moth,Evergestis rimosalis
2556,94635,3659,Actinopterygii,Hardhead Catfish,Ariopsis felis
2557,52801,3655,Plantae,Perennial Ryegrass,Lolium perenne
2558,64543,3653,Plantae,Beach Plum,Prunus maritima
2559,118057,3653,Fungi,Conifer Chicken of the Woods,Laetiporus conifericola
2560,58876,3652,Plantae,fourleaf manyseed,Polycarpon tetraphyllum
2561,119141,3652,Plantae,Chinese yam,Dioscorea polystachya
2562,44395,3649,Mammalia,White-footed Mouse,Peromyscus leucopus
2563,122576,3649,Plantae,silky evolvulus,Evolvulus sericeus
2564,324587,3649,Insecta,Grape Phylloxera,Daktulosphaira vitifoliae
2565,132855,3648,Plantae,dwarf raspberry,Rubus pubescens
2566,166188,3648,Plantae,Bahia grass,Paspalum notatum
2567,540959,3648,Plantae,three-lobed violet,Viola palmata
2568,146797,3646,Insecta,Tufted Apple Bud Moth,Platynota idaeusalis
2569,135307,3642,Insecta,Hibiscus Turret Bee,Ptilothrix bombiformis
2570,127348,3640,Plantae,coastal plain honeycombhead,Balduina angustifolia
2571,120152,3638,Plantae,Aquatic Milkweed,Asclepias perennis
2572,169627,3635,Plantae,Fineleaf Four-nerved Daisy,Tetraneuris linearifolia
2573,78451,3631,Plantae,pink knotweed,Persicaria capitata
2574,47202,3628,Plantae,Shining Pepperweed,Lepidium nitidum
2575,77762,3628,Plantae,Prickly Phlox,Linanthus californicus
2576,77599,3627,Plantae,Sierra juniper,Juniperus grandis
2577,1655734,3627,Mollusca,Fisher's Aeolid,Orienthella piunca
2578,317913,3626,Insecta,Somber Carpet Moth,Disclisioprocta stellata
2579,349846,3625,Insecta,Jalisco Petrophila,Petrophila jaliscalis
2580,27125,3621,Amphibia,Blue Ridge Two-lined Salamander,Eurycea wilderae
2581,55703,3621,Plantae,Crescent-cup liverwort,Lunularia cruciata
2582,1452295,3620,Plantae,silver bluestem,Bothriochloa torreyana
2583,418025,3619,Insecta,Eubolina moth,Eubolina impartialis
2584,62915,3618,Plantae,American Sicklepod,Senna obtusifolia
2585,169768,3617,Plantae,southern needleleaf airplant,Tillandsia setacea
2586,121265,3614,Plantae,white pitcher plant,Sarracenia leucophylla
2587,125790,3613,Plantae,Japanese Spirea,Spiraea japonica
2588,55697,3612,Plantae,giant white wakerobin,Trillium albidum
2589,228315,3603,Arachnida,California Flattened Jumping Spider,Platycryptus californicus
2590,57267,3602,Plantae,Monterey paintbrush,Castilleja latifolia
2591,145223,3602,Aves,MacGillivray's Warbler,Geothlypis tolmiei
2592,170401,3602,Plantae,Lime Prickly-ash,Zanthoxylum fagara
2593,1544319,3602,Plantae,Common Fishhook Cactus,Cochemiea tetrancistra
2594,60348,3601,Reptilia,Black Kingsnake,Lampropeltis nigra
2595,441411,3600,Plantae,Florida Pricklypear,Opuntia austrina
2596,82264,3598,Actinopterygii,Striped Burrfish,Chilomycterus schoepfii
2597,263950,3597,Arachnida,Ribbon Jumping Spider,Metacyrba taeniola
2598,64142,3594,Plantae,saw-toothed goldenbush,Hazardia squarrosa
2599,26085,3593,Reptilia,American Crocodile,Crocodylus acutus
2600,51781,3591,Insecta,Cinnabar moth,Tyria jacobaeae
2601,9318,3587,Aves,Scott's Oriole,Icterus parisorum
2602,57071,3582,Plantae,chaparral pea,Pickeringia montana
2603,52500,3581,Plantae,small green wood orchid,Platanthera clavellata
2604,52986,3581,Insecta,California Bordered Plant Bug,Largus californicus
2605,119308,3581,Insecta,Yellow-fronted Bumble Bee,Bombus flavifrons
2606,143830,3577,Insecta,Vine Sphinx,Eumorpha vitis
2607,164215,3577,Plantae,Hairy cluster-vine,Jacquemontia tamnifolia
2608,164834,3576,Plantae,greater bird's-foot-trefoil,Lotus pedunculatus
2609,68403,3575,Plantae,Turpentine Broom,Thamnosma montana
2610,61099,3573,Plantae,Utah Serviceberry,Amelanchier utahensis
2611,558441,3572,Aves,Eurasian Wigeon,Mareca penelope
2612,233134,3571,Insecta,,Tylozygus bifidus
2613,58657,3569,Actinopterygii,Yellow Bullhead,Ameiurus natalis
2614,68537,3565,Plantae,firecracker penstemon,Penstemon eatonii
2615,57681,3563,Insecta,Urbane Digger Bee,Anthophora urbana
2616,202437,3561,Fungi,Giraffe Spots,Peniophora albobadia
2617,82531,3559,Plantae,Heart-leaved Skullcap,Scutellaria ovata
2618,133746,3558,Insecta,,Mormidea lugens
2619,158552,3558,Plantae,Texas madrone,Arbutus xalapensis
2620,1455918,3558,Aves,Spotted Dove,Spilopelia chinensis
2621,126589,3557,Insecta,Dusky-blue Groundstreak,Calycopis isobeon
2622,49396,3554,Plantae,shortleaf pine,Pinus echinata
2623,53170,3551,Plantae,California phacelia,Phacelia californica
2624,56350,3551,Plantae,Mountain Bog Gentian,Gentiana calycosa
2625,77987,3551,Plantae,Natal Grass,Melinis repens
2626,145570,3550,Insecta,Acorn Plum Gall Wasp,Amphibolips quercusjuglans
2627,167016,3550,Plantae,orange-fringed orchid,Platanthera ciliaris
2628,116340,3547,Mollusca,Zebra Mussel,Dreissena polymorpha
2629,130177,3547,Chromista,Japanese Wireweed,Sargassum muticum
2630,58412,3546,Arachnida,California Red Jumping Spider,Phidippus adumbratus
2631,50803,3545,Plantae,San Francisco woodland-star,Lithophragma affine
2632,100212,3543,Insecta,Common Baskettail,Epitheca cynosura
2633,96631,3542,Actinopterygii,Central Stoneroller,Campostoma anomalum
2634,143714,3541,Insecta,Carbonifera goldenrod gall midge,Asteromyia carbonifera
2635,205316,3541,Insecta,Aztec Spur-throated Grasshopper,Aidemona azteca
2636,54057,3538,Plantae,Bowltube Iris,Iris macrosiphon
2637,82562,3538,Plantae,lowland brittle fern,Cystopteris protrusa
2638,82768,3538,Plantae,Indian tulip tree,Thespesia populnea
2639,68163,3537,Insecta,Painted Tiger Moth,Arachnis picta
2640,117452,3537,Insecta,Laurel Sphinx,Sphinx kalmiae
2641,55340,3535,Plantae,dendroalsia moss,Dendroalsia abietina
2642,153507,3535,Arachnida,Barn Funnel Weaver,Tegenaria domestica
2643,62228,3534,Plantae,mountain whitethorn,Ceanothus cordulatus
2644,78456,3533,Plantae,Dotted Smartweed,Persicaria punctata
2645,104027,3533,Mollusca,Plain Pocketbook,Lampsilis cardium
2646,35303,3531,Reptilia,Black Spiny-tailed Iguana,Ctenosaura similis
2647,128501,3530,Mollusca,Three-ridge Mussel,Amblema plicata
2648,99926,3529,Insecta,Slender Bluet,Enallagma traviatum
2649,170386,3529,Plantae,Buckley's Yucca,Yucca constricta
2650,325509,3528,Insecta,Eastern Hornet Fly,Spilomyia longicornis
2651,155122,3527,Fungi,Wrinkled Crust,Phlebia radiata
2652,58965,3524,Plantae,variable linanthus,Leptosiphon parviflorus
2653,623746,3524,Actinopterygii,Mayan Cichlid,Mayaheros urophthalmus
2654,72912,3523,Aves,Worm-eating Warbler,Helmitheros vermivorum
2655,143445,3523,Insecta,Modest Sphinx,Pachysphinx modesta
2656,62310,3520,Plantae,woolly beachheather,Hudsonia tomentosa
2657,120934,3519,Plantae,Florida Strangler Fig,Ficus aurea
2658,59901,3517,Plantae,lemon balm,Melissa officinalis
2659,125380,3514,Plantae,purple milkweed,Asclepias purpurascens
2660,204163,3514,Plantae,Swamp Saxifrage,Micranthes pensylvanica
2661,104571,3512,Insecta,Golden-winged Skimmer,Libellula auripennis
2662,135239,3512,Insecta,Stripe-legged Robber Fly,Dioctria hyalipennis
2663,55573,3511,Fungi,scurfy twiglet,Tubaria furfuracea
2664,166436,3511,Plantae,Sidebells Penstemon,Penstemon secundiflorus
2665,225756,3511,Mammalia,Townsend's Chipmunk,Neotamias townsendii
2666,76342,3504,Plantae,Alpine Enchanter's-nightshade,Circaea alpina
2667,119826,3504,Plantae,Lyreleaf Rockcress,Arabidopsis lyrata
2668,564970,3503,Plantae,Dwarf Fireweed,Chamaenerion latifolium
2669,133327,3500,Plantae,Christmas berry,Lycium carolinianum
2670,20356,3497,Aves,Northern Saw-whet Owl,Aegolius acadicus
2671,77818,3497,Plantae,Barestem Biscuitroot,Lomatium nudicaule
2672,318965,3495,Insecta,Bronze Beetle,Chrysolina bankii
2673,1473448,3493,Reptilia,Southern Sagebrush Lizard,Sceloporus vandenburgianus
2674,355607,3492,Plantae,Showy milkwort,Asemeia grandiflora
2675,49857,3489,Mollusca,Black Seahare,Aplysia vaccaria
2676,261608,3488,Insecta,White-crossed Seed Bug,Neacoryphus bicrucis
2677,325590,3488,Insecta,Rufous-banded Crambid Moth,Mimoschinia rufofascialis
2678,135261,3486,Plantae,early goldenrod,Solidago juncea
2679,143037,3486,Insecta,Eggplant Leafroller Moth,Lineodes integra
2680,170221,3486,Plantae,Toothleaf Goldeneye,Viguiera dentata
2681,76192,3483,Plantae,Mahala mat,Ceanothus prostratus
2682,119273,3483,Plantae,swamp chestnut oak,Quercus michauxii
2683,77054,3481,Plantae,Wallace's woollydaisy,Eriophyllum wallacei
2684,53693,3480,Actinopterygii,Garibaldi,Hypsypops rubicundus
2685,57131,3480,Plantae,Canada lily,Lilium canadense
2686,119122,3480,Arachnida,Shamrock Orbweaver,Araneus trifolium
2687,137722,3480,Plantae,autumn fern,Dryopteris erythrosora
2688,26823,3478,Amphibia,California Giant Salamander,Dicamptodon ensatus
2689,55183,3478,Insecta,Sri Lanka Weevil,Myllocerus undecimpustulatus
2690,367562,3478,Aves,Nanday Parakeet,Aratinga nenday
2691,53351,3473,Plantae,white alder,Alnus rhombifolia
2692,64240,3473,Plantae,Pampas Grass,Cortaderia selloana
2693,119066,3473,Insecta,Glossy Black Idia Moth,Idia lubricalis
2694,58291,3471,Plantae,Canaigre Dock,Rumex hymenosepalus
2695,61658,3471,Insecta,,Triorla interrupta
2696,118062,3468,Fungi,West Coast Reishi,Ganoderma oregonense
2697,155111,3468,Insecta,Say's Mantidfly,Dicromantispa sayi
2698,154582,3466,Insecta,Maple Spanworm Moth,Ennomos magnaria
2699,139634,3465,Plantae,Ground-plum,Astragalus crassicarpus
2700,77125,3460,Plantae,catchfly prairie gentian,Eustoma exaltatum
2701,75405,3459,Plantae,Big Bursage,Ambrosia ambrosioides
2702,199979,3457,Plantae,prickly tree-clubmoss,Dendrolycopodium dendroideum
2703,469259,3457,Insecta,Lyric Cicada,Neotibicen lyricen
2704,233683,3456,Insecta,Elm Leaf Beetle,Xanthogaleruca luteola
2705,52973,3453,Plantae,Sticky mouse-ear chickweed,Cerastium glomeratum
2706,62424,3453,Insecta,Carrot Seed Moth,Sitochroa palealis
2707,119980,3453,Plantae,Texas Pricklypear,Opuntia lindheimeri
2708,130820,3453,Insecta,Widow Yellowjacket,Vespula vidua
2709,64538,3451,Plantae,American bittersweet,Celastrus scandens
2710,104422,3451,Insecta,Spotted Spreadwing,Lestes congener
2711,132723,3448,Plantae,Stemmy Four-nerved Daisy,Tetraneuris scaposa
2712,14591,3445,Aves,Red-whiskered Bulbul,Pycnonotus jocosus
2713,55260,3445,Insecta,Great Pondhawk,Erythemis vesiculosa
2714,130174,3445,Plantae,Poverty oatgrass,Danthonia spicata
2715,164673,3443,Plantae,giant wild rye,Leymus condensatus
2716,166740,3443,Plantae,Chinese Photinia,Photinia serratifolia
2717,199914,3443,Aves,Calliope Hummingbird,Selasphorus calliope
2718,349811,3443,Insecta,,Rainieria antennaepes
2719,69223,3442,Plantae,Golden Pothos,Epipremnum aureum
2720,259131,3441,Insecta,Gallinipper,Psorophora ciliata
2721,64712,3439,Plantae,American threefold,Trixis californica
2722,160348,3439,Plantae,Curveseed Butterwort,Ceratocephala testiculata
2723,17356,3438,Aves,Bell's Vireo,Vireo bellii
2724,63937,3438,Plantae,white hawkweed,Hieracium albiflorum
2725,62227,3437,Plantae,deerbrush ceanothus,Ceanothus integerrimus
2726,213067,3430,Insecta,False Underwing,Allotria elonympha
2727,50743,3428,Plantae,Hooded Ladies' Tresses,Spiranthes romanzoffiana
2728,1616205,3428,Plantae,Berlandier's sundrops,Oenothera capillifolia
2729,43109,3427,Mammalia,Mountain Cottontail,Sylvilagus nuttallii
2730,81672,3427,Insecta,Little White Lichen Moth,Clemensia albata
2731,44705,3425,Mammalia,House Mouse,Mus musculus
2732,63316,3425,Plantae,nettle-leaf giant hyssop,Agastache urticifolia
2733,124335,3424,Fungi,Bear's Head Tooth,Hericium americanum
2734,1569019,3423,Plantae,field milkwort,Senega sanguinea
2735,52131,3421,Plantae,Purple Mountain-heath,Phyllodoce breweri
2736,59982,3420,Plantae,Silverleaf phacelia,Phacelia hastata
2737,130915,3418,Fungi,Oak-loving Gymnopus,Gymnopus dryophilus
2738,165657,3418,Plantae,Texas winter grass,Nassella leucotricha
2739,264380,3416,Arachnida,,Habronattus pyrrithrix
2740,536019,3416,Fungi,Hairy Oyster Mushroom,Panus lecomtei
2741,130373,3415,Plantae,Prairie Coreopsis,Coreopsis palmata
2742,865984,3415,Plantae,Swamp Laurel,Kalmia polifolia
2743,155091,3414,Fungi,powdered ruffle lichen,Parmotrema hypotropum
2744,78499,3413,Plantae,Linearleaf Phacelia,Phacelia linearis
2745,232391,3412,Insecta,Carolina Metallic Tiger Beetle,Tetracha carolina
2746,424747,3412,Arachnida,Stripe-tailed Scorpion,Paravaejovis spinigerus
2747,67818,3410,Plantae,parsley hawthorn,Crataegus marshallii
2748,228632,3409,Insecta,Olive-shaded Bird-dropping Moth,Ponometia candefacta
2749,61908,3407,Insecta,Western Tussock Moth,Orgyia vetusta
2750,97738,3405,Insecta,Aurora Damsel,Chromagrion conditum
2751,126869,3405,Plantae,Cypress Vine,Ipomoea quamoclit
2752,125699,3400,Plantae,ashy sunflower,Helianthus mollis
2753,207601,3400,Insecta,Four-spotted Palpita Moth,Palpita quadristigmalis
2754,64109,3399,Plantae,canyon sunflower,Venegasia carpesioides
2755,245813,3398,Plantae,primrose-leaved violet,Viola primulifolia
2756,159194,3397,Plantae,summer-cypress,Bassia scoparia
2757,179993,3392,Mammalia,Round-tailed Ground Squirrel,Xerospermophilus tereticaudus
2758,58010,3391,Plantae,California Broomsage,Lepidospartum squamatum
2759,58755,3390,Plantae,brittle bladderfern,Cystopteris fragilis
2760,59138,3388,Insecta,Hedgerow Hairstreak,Satyrium saepium
2761,143150,3387,Plantae,Rosy Camphorweed,Pluchea baccharis
2762,703873,3386,Insecta,Black-waved Flannel Moth,Megalopyge crispata
2763,58664,3385,Actinopterygii,Eastern Blacknose Dace,Rhinichthys atratulus
2764,127032,3384,Plantae,white prickly poppy,Argemone albiflora
2765,147457,3382,Insecta,Tomentose Burying Beetle,Nicrophorus tomentosus
2766,169945,3381,Plantae,White Tridens,Tridens albescens
2767,106222,3380,Actinopterygii,Sea Mullet,Mugil cephalus
2768,1315888,3379,Actinopterygii,Hawaiian Convict Surgeonfish,Acanthurus sandvicensis
2769,50612,3376,Plantae,Sky Lupine,Lupinus nanus
2770,117432,3376,Plantae,wahoo,Euonymus atropurpureus
2771,428550,3376,Mollusca,Norris's Topsnail,Norrisia norrisii
2772,65976,3375,Amphibia,Plains Leopard Frog,Lithobates blairi
2773,145225,3375,Aves,Kentucky Warbler,Geothlypis formosa
2774,158744,3374,Plantae,fewflower milkweed,Asclepias lanceolata
2775,1677724,3372,Plantae,Beach Wormwood,Artemisia caudata
2776,200139,3371,Mollusca,Gould Beanclam,Donax gouldii
2777,52055,3370,Insecta,Scarlet Skimmer,Crocothemis servilia
2778,62238,3369,Plantae,Little Prince's Pine,Chimaphila menziesii
2779,64330,3368,Plantae,clay mariposa lily,Calochortus argillosus
2780,41641,3366,Mammalia,Brown Bear,Ursus arctos
2781,117227,3363,Fungi,milky conecap,Conocybe apala
2782,117439,3363,Plantae,dense blazing star,Liatris spicata
2783,200054,3363,Plantae,Matted Sandmat,Euphorbia serpens
2784,47757,3362,Plantae,Oregon woodsorrel,Oxalis oregana
2785,64103,3361,Plantae,American century plant,Agave americana
2786,77117,3361,Plantae,eggleaf spurge,Euphorbia oblongata
2787,78453,3361,Plantae,swamp smartweed,Persicaria hydropiperoides
2788,79468,3361,Plantae,Zigzag Bladderwort,Utricularia subulata
2789,53158,3360,Plantae,White nemophila,Nemophila heterophylla
2790,120015,3360,Arachnida,Maple Bladdergall Mite,Vasates quadripedes
2791,258913,3359,Insecta,Spectacled Crane Fly,Epiphragma solatrix
2792,214128,3357,Mollusca,Atlantic Calico Scallop,Argopecten gibbus
2793,148094,3356,Insecta,Broken-backed Bug,Taylorilygus apicalis
2794,62796,3352,Reptilia,Desert Collared Lizard,Crotaphytus bicinctores
2795,170143,3351,Plantae,Woolly Vervain,Verbena canescens
2796,16638,3348,Aves,Acadian Flycatcher,Empidonax virescens
2797,300583,3348,Insecta,Hidalgo Mason Wasp,Euodynerus hidalgo
2798,164664,3347,Plantae,mountain doghobble,Leucothoe fontanesiana
2799,167827,3346,Plantae,little leaf sumac,Rhus microphylla
2800,27226,3345,Amphibia,Western Slimy Salamander,Plethodon albagula
2801,244017,3344,Insecta,Hieroglyphic Cicada,Neocicada hieroglyphica
2802,78620,3342,Plantae,redseed plantain,Plantago rhodosperma
2803,333624,3342,Insecta,White-fringed weevil,Naupactus leucoloma
2804,126309,3335,Plantae,toothpetal false reinorchid,Habenaria floribunda
2805,1537055,3335,Fungi,green cheese polypore,Fomitopsis spraguei
2806,56232,3334,Plantae,Mountain Azalea,Rhododendron canescens
2807,204164,3333,Plantae,Variegated Yellow Pond-Lily,Nuphar variegata
2808,3866,3332,Aves,White-rumped Sandpiper,Calidris fuscicollis
2809,300418,3332,Insecta,Compact Carpenter Ant,Camponotus planatus
2810,78333,3327,Plantae,Spanish needle,Palafoxia arida
2811,135269,3327,Plantae,Cherokee sedge,Carex cherokeensis
2812,7498,3326,Aves,Black-tailed Gnatcatcher,Polioptila melanura
2813,129372,3326,Plantae,Texas sotol,Dasylirion texanum
2814,130935,3326,Fungi,Black Tar Spot,Rhytisma acerinum
2815,350366,3326,Fungi,Northern Tooth,Climacodon septentrionalis
2816,63960,3325,Plantae,whitebark raspberry,Rubus leucodermis
2817,82511,3323,Plantae,Donkey Tail,Euphorbia myrsinites
2818,1267793,3322,Chromista,Sea Palm,Postelsia palmiformis
2819,130818,3321,Plantae,Giant leather fern,Acrostichum danaeifolium
2820,1242736,3319,Mollusca,Purple Olive Snail,Callianax biplicata
2821,4239,3318,Aves,Least Grebe,Tachybaptus dominicus
2822,122704,3317,Mollusca,Striped Dogwinkle,Nucella ostrina
2823,1556412,3316,Protozoa,Honeycomb Coral Slime Mold,Ceratiomyxa porioides
2824,48463,3315,Plantae,Jeffrey pine,Pinus jeffreyi
2825,3962,3313,Aves,Upland Sandpiper,Bartramia longicauda
2826,141725,3313,Insecta,Southern Green Stink Bug,Nezara viridula
2827,78463,3312,Plantae,mat rock spiraea,Petrophytum caespitosum
2828,78587,3312,Plantae,Torrey pine,Pinus torreyana
2829,165820,3312,Plantae,Stemless Evening Primrose,Oenothera triloba
2830,84834,3311,Insecta,Elk Stag Beetle,Lucanus elaphus
2831,215271,3310,Insecta,Bent-winged Owlet,Bleptina caradrinalis
2832,127303,3309,Insecta,Henry's Elfin,Callophrys henrici
2833,70026,3308,Plantae,thatch screwpine,Pandanus tectorius
2834,54265,3307,Plantae,American mountain ash,Sorbus americana
2835,159359,3306,Plantae,Texas grama,Bouteloua rigidiseta
2836,78023,3305,Plantae,California Saxifrage,Micranthes californica
2837,226209,3303,Insecta,Yellow Poplar Weevil,Odontopus calceatus
2838,117428,3302,Plantae,shingle oak,Quercus imbricaria
2839,122383,3302,Insecta,Melissa Blue,Plebejus melissa
2840,993211,3300,Plantae,Rocky mountain marsh-marigold,Caltha chionophila
2841,27500,3299,Amphibia,Spring Salamander,Gyrinophilus porphyriticus
2842,47135,3299,Arachnida,Grey House Spider,Badumna longinqua
2843,78803,3296,Plantae,Muller's oak,Quercus cornelius-mulleri
2844,75563,3293,Plantae,Purple Threeawn,Aristida purpurea
2845,770224,3292,Plantae,narrow-leaved cryptantha,Johnstonella angustifolia
2846,320043,3290,Insecta,Eurasian Red-and-black Melyrid,Anthocomus equestris
2847,367034,3290,Insecta,Asian Needle Ant,Brachyponera chinensis
2848,78266,3289,Plantae,Coastal Pricklypear,Opuntia littoralis
2849,199942,3289,Insecta,Aloeus Ox Beetle,Strategus aloeus
2850,78332,3287,Plantae,Brown's Peony,Paeonia brownii
2851,339592,3285,Aves,Surfbird,Calidris virgata
2852,58950,3284,Plantae,flatbud prickly poppy,Argemone munita
2853,332394,3284,Insecta,American Yellowjacket,Vespula alascensis
2854,48380,3283,Plantae,Coral Vine,Antigonon leptopus
2855,129032,3282,Plantae,slender goldentop,Euthamia caroliniana
2856,151576,3282,Mollusca,Eastern Elliptio,Elliptio complanata
2857,232308,3282,Insecta,Exposed Bird Dropping Moth,Tarache aprica
2858,170397,3279,Plantae,Torrey's Yucca,Yucca torreyi
2859,61432,3278,Plantae,Cherry laurel,Prunus laurocerasus
2860,58230,3277,Plantae,Desert Plantain,Plantago ovata
2861,76402,3277,Plantae,Bushrue,Cneoridium dumosum
2862,218446,3277,Insecta,Faint-spotted Angle,Digrammia ocellinata
2863,75947,3276,Plantae,Weed's Mariposa Lily,Calochortus weedii
2864,48122,3274,Insecta,Lesser Anglewing,Microcentrum retinerve
2865,78467,3274,Plantae,Schott's Pygmycedar,Peucephyllum schottii
2866,116840,3274,Aves,Lapland Longspur,Calcarius lapponicus
2867,225743,3274,Mammalia,Least Chipmunk,Neotamias minimus
2868,76536,3271,Plantae,American parsley fern,Cryptogramma acrostichoides
2869,119073,3271,Insecta,Steel-blue Cricket-hunter Wasp,Chlorion aerarium
2870,167976,3271,Plantae,Macartney's rose,Rosa bracteata
2871,229817,3271,Insecta,Brother Moth,Raphia frater
2872,61665,3269,Insecta,Plain-tailed Hanging Thief,Diogmites neoternatus
2873,168746,3269,Plantae,Widow's-cross,Sedum pulchellum
2874,555970,3269,Animalia,Mud Fiddler Crab,Minuca pugnax
2875,62291,3268,Plantae,rush milkweed,Asclepias subulata
2876,132051,3267,Plantae,roundpod St. John's-wort,Hypericum cistifolium
2877,78228,3266,Plantae,Parry's nolina,Nolina parryi
2878,52148,3264,Plantae,Granite Prickly Phlox,Linanthus pungens
2879,56843,3264,Plantae,Shepherd's-needle,Scandix pecten-veneris
2880,214211,3264,Insecta,Posturing Arta Moth,Arta statalis
2881,164063,3263,Plantae,Creeping Indigo,Indigofera spicata
2882,133963,3261,Arachnida,Humped Trashline Orbweaver,Cyclosa turbinata
2883,104867,3260,Actinopterygii,Striped Shiner,Luxilus chrysocephalus
2884,146964,3259,Insecta,Oak Rough Bulletgall Wasp,Disholcaspis quercusmamma
2885,61545,3256,Insecta,Brown Rove Beetle,Platydracus maculosus
2886,76716,3255,Plantae,sticky cinquefoil,Drymocallis glandulosa
2887,78224,3255,Plantae,Fendler's pennycress,Noccaea fendleri
2888,99610,3254,Insecta,Flag-tailed Spinyleg,Dromogomphus spoliatus
2889,126864,3253,Plantae,Round-leaved Violet,Viola rotundifolia
2890,129222,3253,Insecta,Three-spotted Fillip,Heterophleps triguttaria
2891,133713,3252,Insecta,Cypress Twig Gall Midge,Taxodiomyia cupressiananassa
2892,926042,3252,Plantae,peak rushrose,Crocanthemum scoparium
2893,102672,3251,Insecta,Smoky Rubyspot,Hetaerina titia
2894,199582,3251,Insecta,Texas Flower Scarab,Trichiotinus texanus
2895,144183,3250,Plantae,Diapensia,Diapensia lapponica
2896,1038656,3249,Fungi,brown-toothed crust fungus,Hydnoporia olivacea
2897,148883,3248,Insecta,Sickle-winged Skipper,Eantis tamenund
2898,78548,3247,Plantae,spiny phlox,Phlox hoodii
2899,119117,3247,Plantae,bigfruit evening primrose,Oenothera macrocarpa
2900,166722,3247,Plantae,goldeneye phlox,Phlox roemeriana
2901,1674296,3245,Insecta,Ivory-marked Borer,Coeleburia quadrigeminata
2902,50198,3243,Plantae,Fremont's pincushion,Chaenactis fremontii
2903,60376,3243,Plantae,One-flowered Wintergreen,Moneses uniflora
2904,205240,3243,Insecta,Basswood Leafroller Moth,Pantographa limata
2905,1668962,3243,Amphibia,Barking Tree Frog,Dryophytes gratiosus
2906,53884,3241,Fungi,Coccora,Amanita calyptroderma
2907,76200,3240,Plantae,Wart-stemmed Ceanothus,Ceanothus verrucosus
2908,82788,3239,Insecta,Mournful Thyris Moth,Pseudothyris sepulchralis
2909,194656,3237,Insecta,,Zeugomantispa minuta
2910,333625,3236,Insecta,Sweetgum Leafroller Moth,Sciota uvinella
2911,118394,3235,Fungi,Yellow Stainer,Agaricus xanthodermus
2912,153524,3235,Arachnida,Whitman's Jumping Spider,Phidippus whitmani
2913,55576,3234,Fungi,Common Sunburst Lichen,Xanthoria parietina
2914,76584,3234,Plantae,yellow nutsedge,Cyperus esculentus
2915,127367,3231,Plantae,Clustered Sanicle,Sanicula odorata
2916,64288,3230,Plantae,leathery polypody,Polypodium scouleri
2917,84746,3229,Plantae,Nuttall's Snapdragon,Sairocarpus nuttallianus
2918,128750,3229,Actinopterygii,Red Drum,Sciaenops ocellatus
2919,56521,3228,Insecta,Masked Hunter,Reduvius personatus
2920,129261,3228,Insecta,Slender Meadow Katydid,Conocephalus fasciatus
2921,54942,3226,Plantae,Chaparral Currant,Ribes malvaceum
2922,167660,3225,Plantae,Myrtle Oak,Quercus myrtifolia
2923,217969,3225,Insecta,Packard's Wave,Cyclophora packardi
2924,62811,3224,Plantae,Papaya,Carica papaya
2925,308937,3222,Insecta,Southern Plains Bumble Bee,Bombus fraternus
2926,62239,3219,Plantae,white-veined wintergreen,Pyrola picta
2927,53137,3218,Plantae,woodland madia,Anisocarpus madioides
2928,58576,3217,Insecta,Northern Crescent,Phyciodes cocyta
2929,346970,3217,Insecta,Lotus Hairstreak,Callophrys dumetorum
2930,490889,3216,Fungi,,Trametes aesculi
2931,704166,3214,Plantae,ranger buttons,Angelica capitellata
2932,1506398,3214,Insecta,Oak Timberworm,Arrenodes minutus
2933,158587,3213,Plantae,shoebutton Ardisia,Ardisia elliptica
2934,82468,3210,Plantae,feather dalea,Dalea formosa
2935,121022,3210,Plantae,Noni,Morinda citrifolia
2936,215208,3210,Insecta,Fall Cankerworm Moth,Alsophila pometaria
2937,77331,3209,Plantae,Saltlover,Halogeton glomeratus
2938,165060,3209,Plantae,Phasey Bean,Macroptilium lathyroides
2939,209338,3208,Insecta,Red-femured Milkweed Borer,Tetraopes femoratus
2940,4621,3207,Aves,Pacific Loon,Gavia pacifica
2941,151767,3206,Fungi,rough speckled shield lichen,Punctelia rudecta
2942,308673,3206,Insecta,Lichen-carrying Green Lacewing,Leucochrysa pavida
2943,69939,3202,Plantae,Narrow-leaved clover,Trifolium angustifolium
2944,354640,3202,Insecta,Magician Moth,Hileithia magualis
2945,69311,3200,Insecta,Turfgrass Ant,Lasius neoniger
2946,77755,3200,Plantae,Perez's sea lavender,Limonium perezii
2947,131125,3200,Plantae,interior sandbar willow,Salix interior
2948,165669,3199,Plantae,Prairie Pleatleaf,Nemastylis geminiflora
2949,559084,3197,Aves,Rivoli's Hummingbird,Eugenes fulgens
2950,142209,3196,Arachnida,Maple Spindle Gall Mite,Vasates aceriscrumena
2951,146886,3196,Insecta,Red-headed Inchworm Moth,Macaria bisignata
2952,76655,3194,Plantae,Hoary Tansyaster,Dieteria canescens
2953,79068,3193,Plantae,knotroot bristlegrass,Setaria parviflora
2954,128241,3192,Insecta,Azalea Sphinx,Darapsa choerilus
2955,132209,3192,Insecta,,Taeniaptera trivittata
2956,1195335,3191,Insecta,,Belonocnema kinseyi
2957,1599888,3191,Insecta,Orange Skipperling,Oarisma aurantiaca
2958,58901,3188,Plantae,bajada lupine,Lupinus concinnus
2959,69925,3187,Mollusca,Nuttall's Cockle,Clinocardium nuttallii
2960,82572,3187,Plantae,northern oak fern,Gymnocarpium dryopteris
2961,169043,3187,Plantae,laurel-leaf greenbrier,Smilax laurifolia
2962,9339,3186,Aves,Altamira Oriole,Icterus gularis
2963,99644,3185,Insecta,Black Setwing,Dythemis nigrescens
2964,51434,3181,Plantae,showy lady's slipper,Cypripedium reginae
2965,68262,3180,Insecta,Green Comma,Polygonia faunus
2966,129194,3180,Plantae,Nuttall's Thistle,Cirsium nuttallii
2967,147241,3180,Arachnida,Dotted Wolf Spider,Rabidosa punctulata
2968,59190,3178,Insecta,Northern White-Skipper,Heliopetes ericetorum
2969,54461,3177,Plantae,Virginia snakeroot,Aristolochia serpentaria
2970,203850,3175,Insecta,Batman Moth,Coelostathma discopunctana
2971,204490,3175,Aves,White-rumped Shama,Copsychus malabaricus
2972,47477,3174,Mollusca,White-lined Dirona,Dirona albolineata
2973,69192,3174,Insecta,Cottonwood Leaf Beetle,Chrysomela scripta
2974,76236,3174,Plantae,fernbush,Chamaebatiaria millefolium
2975,1456640,3174,Insecta,Atlantis Fritillary,Argynnis atlantis
2976,636177,3172,Plantae,Texas ash,Fraxinus albicans
2977,1612368,3172,Plantae,California asterella,Calasterella californica
2978,50155,3171,Plantae,ghost flower,Mohavea confertiflora
2979,348809,3168,Fungi,Western Jumbo Gym,Gymnopilus ventricosus
2980,163928,3166,Plantae,Carolina Woollywhite,Hymenopappus scabiosaeus
2981,227683,3166,Insecta,Black-banded Owlet,Phalaenostola larentioides
2982,81729,3164,Insecta,Harvester,Feniseca tarquinius
2983,335743,3163,Insecta,Tufted Globetail,Sphaerophoria contigua
2984,132445,3161,Insecta,Zebra Conchylodes Moth,Conchylodes ovulalis
2985,53692,3157,Actinopterygii,Coho Salmon,Oncorhynchus kisutch
2986,58088,3156,Plantae,sand fringepod,Thysanocarpus curvipes
2987,477142,3155,Insecta,Pacific Tent Caterpillar,Malacosoma constricta
2988,1536892,3155,Fungi,Oak mazegill,Fomitopsis quercina
2989,1618798,3153,Insecta,Stream Cruiser,Macromia transversa
2990,53322,3152,Plantae,giant vetch,Vicia gigantea
2991,148445,3152,Plantae,Smallflower Fishhook Cactus,Sclerocactus parviflorus
2992,36189,3150,Reptilia,Crevice Spiny Lizard,Sceloporus poinsettii
2993,635401,3149,Plantae,primrose monkeyflower,Erythranthe primuloides
2994,79061,3147,Plantae,Maryland senna,Senna marilandica
2995,160688,3146,Plantae,hairy clematis,Clematis hirsutissima
2996,180713,3143,Arachnida,Desert Blonde Tarantula,Aphonopelma chalcodes
2997,78367,3142,Plantae,Bracted Lousewort,Pedicularis bracteosa
2998,53299,3141,Plantae,Fendler's Meadow-rue,Thalictrum fendleri
2999,143034,3141,Insecta,Variegated Lady Beetle,Hippodamia variegata
3000,340742,3140,Insecta,,Sphex nudus
3001,57969,3139,Plantae,Acton's Brittlebush,Encelia actoni
3002,165505,3138,Plantae,white bergamot,Monarda clinopodia
3003,524900,3137,Plantae,Pacific silverweed,Argentina pacifica
3004,29823,3133,Reptilia,Prairie Kingsnake,Lampropeltis calligaster
3005,214195,3133,Insecta,White Stripe-backed Moth,Arogalea cristifasciella
3006,60316,3131,Plantae,narrow-leaved cattail,Typha angustifolia
3007,131560,3129,Plantae,Asthma Plant,Euphorbia hirta
3008,446640,3129,Mammalia,Hawaiian Monk Seal,Neomonachus schauinslandi
3009,57348,3127,Plantae,common eucrypta,Eucrypta chrysanthemifolia
3010,165074,3127,Plantae,Fraser Magnolia,Magnolia fraseri
3011,194599,3126,Insecta,Common Spring Moth,Heliomata cycladata
3012,1569081,3126,Plantae,white milkwort,Senega alba
3013,121823,3124,Insecta,Alfalfa Looper,Autographa californica
3014,78804,3123,Plantae,Engelmann oak,Quercus engelmannii
3015,158108,3122,Plantae,Shrubby boneset,Ageratina havanensis
3016,902551,3120,Fungi,Mower's Mushroom,Panaeolus foenisecii
3017,82450,3117,Insecta,Oblique-lined Tiger Beetle,Cicindela tranquebarica
3018,1389508,3117,Insecta,,Druon quercuslanigerum
3019,146314,3116,Reptilia,Smooth Greensnake,Opheodrys vernalis
3020,204330,3116,Plantae,Blackberry Lily,Iris domestica
3021,164075,3115,Plantae,Moonflower,Ipomoea alba
3022,53866,3114,Insecta,Brazilian Skipper,Calpodes ethlius
3023,77920,3114,Plantae,Tahoka daisy,Machaeranthera tanacetifolia
3024,126590,3109,Plantae,sand pine,Pinus clausa
3025,60955,3107,Plantae,California Goldenbush,Ericameria ericoides
3026,1303043,3107,Plantae,yellow clustered broomrape,Aphyllon franciscanum
3027,20307,3106,Aves,Long-eared Owl,Asio otus
3028,204699,3105,Insecta,Tufted Thyatirine Moth,Pseudothyatira cymatophoroides
3029,1126805,3104,Mollusca,Reticulate Taildropper,Prophysaon andersonii
3030,104249,3103,Actinopterygii,Spotted Gar,Lepisosteus oculatus
3031,67810,3102,Plantae,Western Bog Laurel,Kalmia microphylla
3032,84482,3102,Insecta,Lined Longhorn Beetle,Analeptura lineola
3033,109161,3101,Insecta,Mexican Amberwing,Perithemis intensa
3034,62854,3099,Plantae,White Mangrove,Laguncularia racemosa
3035,118179,3099,Fungi,Short-stemmed Russula,Russula brevipes
3036,1064647,3098,Insecta,Blue-green Sharpshooter,Graphocephala atropunctata
3037,64985,3097,Amphibia,Oak Toad,Anaxyrus quercicus
3038,120895,3097,Plantae,Hairy Wood Mint,Blephilia hirsuta
3039,30751,3096,Reptilia,Sidewinder,Crotalus cerastes
3040,119825,3095,Plantae,bristly sarsaparilla,Aralia hispida
3041,769888,3095,Plantae,Pasture Heliotrope,Euploca tenella
3042,77789,3094,Plantae,Bulbous woodland star,Lithophragma glabrum
3043,309839,3094,Insecta,Pigweed Flea Beetle,Disonycha glabrata
3044,222445,3092,Insecta,Pale-veined Isturgia,Isturgia dislocaria
3045,520398,3090,Insecta,Greenish Blue,Icaricia saepiolus
3046,165989,3088,Plantae,Drummond's woodsorrel,Oxalis drummondii
3047,49341,3086,Plantae,valley tassels,Castilleja attenuata
3048,124344,3084,Fungi,violet webcap,Cortinarius violaceus
3049,170391,3082,Plantae,Pale Yucca,Yucca pallida
3050,233177,3079,Insecta,Zebra Longhorn Beetle,Typocerus zebra
3051,271451,3079,Insecta,Crotch's Bumble Bee,Bombus crotchii
3052,63311,3078,Plantae,Sagebrush Mariposa Lily,Calochortus macrocarpus
3053,204125,3077,Insecta,Toothed Phigalia Moth,Phigalia denticulata
3054,126616,3076,Insecta,American Dun-bar Moth,Cosmia calami
3055,153889,3076,Insecta,Black-horned Green Lacewing,Chrysopa nigricornis
3056,1596531,3076,Plantae,Sandcarpet,Cardionema ramosissima
3057,82818,3074,Plantae,Missouri Gooseberry,Ribes missouriense
3058,128036,3074,Plantae,inland ceanothus,Ceanothus herbaceus
3059,56652,3072,Mollusca,Red Abalone,Haliotis rufescens
3060,58164,3072,Plantae,cowbag clover,Trifolium depauperatum
3061,82525,3071,Insecta,Peridot Sweat Bee,Augochlorella pomoniella
3062,127899,3071,Plantae,Paraguayan Purslane,Portulaca amilis
3063,152132,3070,Plantae,Tall Thistle,Cirsium altissimum
3064,1286843,3069,Aves,Sedge Wren,Cistothorus stellaris
3065,1530846,3067,Plantae,Queen's Delight,Stillingia sylvatica
3066,56796,3065,Plantae,leather oak,Quercus durata
3067,47632,3064,Mollusca,Black Leather Chiton,Katharina tunicata
3068,199837,3062,Aves,Eastern Whip-poor-will,Antrostomus vociferus
3069,58624,3060,Actinopterygii,Bluntnose Minnow,Pimephales notatus
3070,68057,3060,Plantae,Western Buttercup,Ranunculus occidentalis
3071,77684,3058,Plantae,Whiskerbrush,Leptosiphon ciliatus
3072,1497645,3058,Fungi,Lichen Agaric,Lichenomphalia ericetorum
3073,121932,3056,Plantae,Woolly Locoweed,Astragalus mollissimus
3074,82341,3055,Plantae,Broad-leaf Waterleaf,Hydrophyllum canadense
3075,980262,3054,Aves,Warbling White-eye,Zosterops japonicus
3076,52766,3052,Insecta,Giant Walkingstick,Megaphasma denticrus
3077,62366,3052,Plantae,checkered rattlesnake plantain,Goodyera tesselata
3078,831286,3052,Mollusca,Ghost Bulimulus,Bulimulus bonariensis
3079,63962,3051,Plantae,California sweetshrub,Calycanthus occidentalis
3080,57788,3050,Mollusca,Marsh Periwinkle,Littoraria irrorata
3081,78356,3050,Plantae,Vasey Grass,Paspalum urvillei
3082,69713,3045,Plantae,swamp dewberry,Rubus hispidus
3083,84296,3043,Plantae,black spruce,Picea mariana
3084,461095,3042,Insecta,Oak Catkin Mirid,Tropidosteptes quercicola
3085,1638403,3042,Insecta,Hoary Edge,Cecropterus lyciades
3086,131152,3041,Plantae,Leavenworth's Tickseed,Coreopsis leavenworthii
3087,460193,3041,Plantae,Lesser Mock-strawberry,Potentilla hebiichigo
3088,133027,3038,Insecta,Silky Field Ant,Formica subsericea
3089,64987,3037,Amphibia,Texas Toad,Anaxyrus speciosus
3090,83015,3036,Plantae,fly poison,Amianthium muscitoxicum
3091,119533,3035,Insecta,Jagged Ambush Bug,Phymata americana
3092,128938,3035,Plantae,Tropic Croton,Croton glandulosus
3093,132224,3035,Plantae,Gooseneck Loosestrife,Lysimachia clethroides
3094,215596,3034,Insecta,Golden Buprestid Beetle,Buprestis aurulenta
3095,58550,3033,Insecta,Eastern Pine Elfin,Callophrys niphon
3096,58376,3031,Plantae,Squirreltail,Elymus elymoides
3097,76565,3031,Plantae,Gander's cholla,Cylindropuntia ganderi
3098,128051,3031,Fungi,Brittle Cinder,Kretzschmaria deusta
3099,122193,3030,Insecta,Fall Field Cricket,Gryllus pennsylvanicus
3100,19609,3029,Aves,Common Poorwill,Phalaenoptilus nuttallii
3101,520951,3029,Insecta,Ashy Clubtail,Phanogomphus lividus
3102,244519,3027,Insecta,Black Caterpillar Hunter,Calosoma sayi
3103,48978,3023,Mollusca,Colorful Dirona,Dirona picta
3104,56861,3022,Plantae,Pacific Aster,Symphyotrichum chilense
3105,179749,3022,Arachnida,Regal Jumping Spider,Phidippus regius
3106,310171,3022,Insecta,Clavate Tortoise Beetle,Helocassis clavata
3107,4494,3021,Aves,Black-legged Kittiwake,Rissa tridactyla
3108,169501,3020,Plantae,Yellow Hatpins,Syngonanthus flavidulus
3109,1395761,3019,Fungi,Spring Polypore,Lentinus arcularius
3110,205320,3017,Insecta,Mossy Rose Gall Wasp,Diplolepis rosae
3111,121534,3016,Insecta,Rose Hooktip,Oreta rosea
3112,131581,3015,Plantae,perennial wooly bean,Strophostyles umbellata
3113,76976,3014,Plantae,Arrowleaf Buckwheat,Eriogonum compositum
3114,764704,3014,Mollusca,Three-lined Aeolid,Orienthella trilineata
3115,98945,3013,Actinopterygii,Sheepshead Minnow,Cyprinodon variegatus
3116,120485,3013,Plantae,Drummond's aster,Symphyotrichum drummondii
3117,487050,3013,Plantae,purple mat,Nama demissa
3118,128798,3011,Plantae,black chokeberry,Aronia melanocarpa
3119,68896,3010,Plantae,Rosy sandcrocus,Romulea rosea
3120,77126,3010,Plantae,California fagonbush,Fagonia laevis
3121,81926,3009,Insecta,American Grass Mantis,Thesprotia graminis
3122,228714,3009,Insecta,Tile-horned Prionus,Prionus imbricornis
3123,334126,3009,Insecta,Two-horned Gall Wasp,Dryocosmus dubiosus
3124,220388,3006,Arachnida,Drumming Sword Wolf Spider,Gladicosa gulosa
3125,72992,3005,Aves,Java Sparrow,Padda oryzivora
3126,1456585,3005,Insecta,Aphrodite Fritillary,Argynnis aphrodite
3127,58040,3004,Plantae,Brownplume Wirelettuce,Stephanomeria pauciflora
3128,60511,3004,Plantae,Bridges' penstemon,Penstemon rostriflorus
3129,133028,3004,Insecta,Bordered Wedge-shaped Beetle,Macrosiagon limbata
3130,369730,3004,Plantae,wavyleaf basketgrass,Oplismenus undulatifolius
3131,164069,3002,Plantae,Purple Rocket,Iodanthus pinnatifidus
3132,54860,3001,Plantae,slippery elm,Ulmus rubra
3133,132220,2999,Insecta,Quadrate Snipe Fly,Chrysopilus quadratus
3134,84005,2997,Plantae,littleleaf sensitive-briar,Mimosa microphylla
3135,41676,2996,Mammalia,Ringtail,Bassariscus astutus
3136,58139,2996,Plantae,coyote melon,Cucurbita palmata
3137,64161,2996,Plantae,Bread Wheat,Triticum aestivum
3138,205777,2996,Insecta,Cottonwood Borer,Plectrodera scalator
3139,47505,2995,Mollusca,Heath's Dorid,Geitodoris heathi
3140,118511,2995,Plantae,yellow wakerobin,Trillium luteum
3141,372712,2995,Insecta,Yellow-footed Ant,Nylanderia flavipes
3142,225555,2992,Insecta,Red-bordered Emerald,Nemoria lixaria
3143,47695,2990,Plantae,bristly dogtail grass,Cynosurus echinatus
3144,148407,2990,Plantae,Fendler's Sandmat,Euphorbia fendleri
3145,283177,2990,Plantae,Soft-hair Marbleseed,Lithospermum bejariense
3146,57016,2989,Plantae,sand pygmyweed,Crassula connata
3147,58669,2988,Fungi,Ochre Jelly Club,Leotia lubrica
3148,120145,2987,Plantae,One-seed Juniper,Juniperus monosperma
3149,738046,2987,Plantae,snow queen,Veronica regina-nivalis
3150,117815,2986,Chromista,golden rockweed,Silvetia compressa
3151,210615,2985,Insecta,Volupial Mint Moth,Pyrausta volupialis
3152,60880,2984,Plantae,Sea Bindweed,Calystegia soldanella
3153,51363,2983,Actinopterygii,Atlantic Menhaden,Brevoortia tyrannus
3154,118741,2982,Plantae,American columbo,Frasera caroliniensis
3155,128568,2982,Mollusca,Southern Flatcoil,Polygyra cereolus
3156,170440,2979,Plantae,Rocky Mountain zinnia,Zinnia grandiflora
3157,55387,2978,Actinopterygii,Northern Pike,Esox lucius
3158,77709,2978,Plantae,giant coreopsis,Leptosyne gigantea
3159,125683,2977,Plantae,Carolina willow,Salix caroliniana
3160,495903,2977,Fungi,Ochre-banded Conk,Fomitopsis ochracea
3161,180017,2976,Arachnida,Gulf Coast Tick,Amblyomma maculatum
3162,76904,2975,Plantae,Flax-leaved Horseweed,Erigeron bonariensis
3163,41521,2973,Mammalia,Orca,Orcinus orca
3164,71191,2973,Plantae,Slender Iceplant,Mesembryanthemum nodiflorum
3165,75527,2971,Plantae,Pinemat Manzanita,Arctostaphylos nevadensis
3166,76538,2971,Plantae,Muskmelon,Cucumis melo
3167,51274,2970,Plantae,crevice alumroot,Heuchera micrantha
3168,57183,2970,Plantae,Prairie Junegrass,Koeleria macrantha
3169,227734,2970,Arachnida,Apache Jumping Spider,Phidippus apacheanus
3170,79499,2969,Plantae,squashberry,Viburnum edule
3171,119151,2969,Fungi,Wine-cap Stropharia,Stropharia rugosoannulata
3172,154387,2969,Plantae,American golden saxifrage,Chrysosplenium americanum
3173,119892,2968,Plantae,Wild Rosemary,Andromeda polifolia
3174,216298,2968,Insecta,Little Nymph Underwing,Catocala micronympha
3175,217970,2968,Insecta,Sweetfern Geometer Moth,Cyclophora pendulinaria
3176,58659,2967,Actinopterygii,Northern Hog Sucker,Hypentelium nigricans
3177,143505,2967,Insecta,Bearded Carpenter ant,Camponotus subbarbatus
3178,61000,2966,Plantae,slough sedge,Carex obnupta
3179,69900,2966,Insecta,Master Blister Beetle,Lytta magister
3180,104419,2966,Insecta,Southern Spreadwing,Lestes australis
3181,59243,2964,Plantae,Wright's buckwheat,Eriogonum wrightii
3182,79359,2964,Plantae,Parralena,Thymophylla pentachaeta
3183,143751,2963,Insecta,Penitent Underwing,Catocala piatrix
3184,63583,2958,Fungi,pleated inkcap,Parasola plicatilis
3185,82559,2957,Plantae,bulblet fern,Cystopteris bulbifera
3186,206911,2957,Mollusca,Pismo Clam,Tivela stultorum
3187,127044,2956,Plantae,Shoestring Fern,Vittaria lineata
3188,162801,2956,Plantae,round-leaved boneset,Eupatorium rotundifolium
3189,199203,2953,Mollusca,American Crown Conch,Melongena corona
3190,132225,2951,Insecta,Two-striped Planthopper,Acanalonia bivittata
3191,58100,2950,Plantae,Southern Honeysuckle,Lonicera subspicata
3192,58996,2950,Plantae,Western White Clematis,Clematis ligusticifolia
3193,321458,2949,Insecta,Ornate Tiger Moth,Apantesis ornata
3194,1360291,2949,Insecta,Bronze Copper,Tharsalea hyllus
3195,474332,2945,Aves,Gray-headed Swamphen,Porphyrio poliocephalus
3196,145224,2943,Aves,Mourning Warbler,Geothlypis philadelphia
3197,162167,2943,Plantae,narrow-leaved purple coneflower,Echinacea angustifolia
3198,318946,2941,Plantae,many stem evax,Diaperia verna
3199,771814,2941,Plantae,wide-throated yellow monkeyflower,Diplacus brevipes
3200,539844,2939,Reptilia,Brahminy Blindsnake,Indotyphlops braminus
3201,81943,2937,Insecta,Bar-winged Skimmer,Libellula axilena
3202,127490,2937,Insecta,White M Hairstreak,Parrhasius m-album
3203,161150,2937,Plantae,Showy Rattlebox,Crotalaria spectabilis
3204,75507,2936,Plantae,Brittleleaf Manzanita,Arctostaphylos crustacea
3205,203486,2935,Insecta,Pitted Mason Wasp,Euodynerus foraminatus
3206,790479,2934,Insecta,,Eleodes acuticauda
3207,60912,2932,Arachnida,Southern Devil Scorpion,Vaejovis carolinianus
3208,73691,2932,Reptilia,Sonoran Spotted Whiptail,Aspidoscelis sonorae
3209,81584,2932,Insecta,Pink-striped Oakworm Moth,Anisota virginiensis
3210,205228,2932,Insecta,Brown Bark Carpet Moth,Horisme intestinata
3211,67591,2930,Plantae,alpine sorrel,Oxyria digyna
3212,117513,2929,Plantae,Rhexia-leaved paintbrush,Castilleja rhexiifolia
3213,49219,2928,Actinopterygii,American Eel,Anguilla rostrata
3214,62481,2928,Plantae,sugarstick,Allotropa virgata
3215,218931,2926,Insecta,Variegated Midget,Elaphria versicolor
3216,55135,2922,Plantae,Whiteleaf Manzanita,Arctostaphylos viscida
3217,127326,2921,Plantae,Pennsylvania sedge,Carex pensylvanica
3218,130810,2921,Plantae,late purple aster,Symphyotrichum patens
3219,108303,2920,Insecta,Red Rock Skimmer,Paltothemis lineatipes
3220,453109,2920,Mammalia,Fisher,Pekania pennanti
3221,160295,2919,Plantae,American Coinwort,Centella erecta
3222,165474,2919,Plantae,Chinese silver grass,Miscanthus sinensis
3223,472796,2919,Plantae,lace lip fern,Myriopteris gracillima
3224,701989,2918,Plantae,Bigelow's monkeyflower,Diplacus bigelovii
3225,52506,2917,Insecta,Two-spotted Lady Beetle,Adalia bipunctata
3226,27166,2916,Amphibia,Southern Red-backed Salamander,Plethodon serratus
3227,12883,2915,Aves,Gray-cheeked Thrush,Catharus minimus
3228,68559,2915,Plantae,Blackbrush,Coleogyne ramosissima
3229,76865,2915,Plantae,Booth's Evening Primrose,Eremothera boothii
3230,55732,2914,Plantae,rough cinquefoil,Potentilla norvegica
3231,224856,2911,Insecta,Merry Graphic Moth,Melipotis jucunda
3232,128040,2910,Plantae,marsh blue violet,Viola cucullata
3233,742930,2910,Animalia,Bay Nettle,Chrysaora chesapeakei
3234,78259,2908,Plantae,cotton thistle,Onopordum acanthium
3235,1293231,2908,Plantae,Koster's curse,Miconia crenata
3236,158068,2907,Plantae,purple false foxglove,Agalinis purpurea
3237,62041,2906,Plantae,ragged fringed orchid,Platanthera lacera
3238,81634,2904,Mollusca,Soft-shelled Clam,Mya arenaria
3239,56826,2901,Plantae,bigseed biscuitroot,Lomatium macrocarpum
3240,350773,2901,Fungi,,Favolus brasiliensis
3241,62588,2900,Plantae,Dwarf St. John's Wort,Hypericum mutilum
3242,77171,2896,Plantae,spotted fritillary,Fritillaria atropurpurea
3243,60505,2895,Plantae,Avalanche lily,Erythronium montanum
3244,54734,2894,Fungi,Netted shield lichen,Parmelia sulcata
3245,143854,2892,Insecta,Northern Amber Bumble Bee,Bombus borealis
3246,51054,2891,Plantae,Oakland mariposa lily,Calochortus umbellatus
3247,227082,2890,Insecta,Watermilfoil Leafcutter Moth,Parapoynx allionealis
3248,62062,2886,Plantae,chaparral beardtongue,Keckiella antirrhinoides
3249,126637,2886,Plantae,Hyacinth,Hyacinthus orientalis
3250,127946,2886,Plantae,prairie alumroot,Heuchera richardsonii
3251,222712,2884,Insecta,Common Citronella Ant,Lasius claviger
3252,9458,2883,Aves,Painted Redstart,Myioborus pictus
3253,163763,2883,Plantae,Scarlet Rosemallow,Hibiscus coccineus
3254,32512,2882,Reptilia,Texas Blind Snake,Rena dulcis
3255,204304,2882,Plantae,Tall Cinquefoil,Drymocallis arguta
3256,26745,2881,Amphibia,Small-mouthed Salamander,Ambystoma texanum
3257,1649675,2881,Plantae,swamp redbay,Tamala palustris
3258,278242,2880,Plantae,strawberry-guava,Psidium cattleyanum
3259,54897,2878,Plantae,parsnipflower buckwheat,Eriogonum heracleoides
3260,126217,2878,Insecta,Orange Mint Moth,Pyrausta orphisalis
3261,154559,2877,Insecta,Squash Lady Beetle,Epilachna borealis
3262,197810,2877,Mammalia,Merriam's Chipmunk,Neotamias merriami
3263,881534,2876,Plantae,Columbian Windflower,Anemonastrum deltoideum
3264,130951,2875,Plantae,tall rattlesnake root,Nabalus altissimus
3265,1081330,2872,Insecta,Taxiles Skipper,Lon taxiles
3266,169900,2870,Plantae,Water caltrop,Trapa natans
3267,231782,2869,Insecta,Strangalepta Flower Longhorn Beetle,Strangalepta abbreviata
3268,233558,2869,Insecta,Downy Yellowjacket,Vespula flavopilosa
3269,518693,2866,Insecta,Mealy oak gall wasp,Disholcaspis cinerosa
3270,1372880,2865,Insecta,Wavy-lined Heterocampa Moth,Cecrita biundata
3271,160935,2864,Plantae,Grooved nipple cactus,Coryphantha sulcata
3272,52971,2863,Plantae,panicled willowherb,Epilobium brachycarpum
3273,53398,2863,Plantae,Tasmanian blue gum,Eucalyptus globulus
3274,133393,2862,Plantae,Labrador violet,Viola labradorica
3275,131598,2861,Plantae,Marlberry,Ardisia escallonioides
3276,332924,2861,Plantae,narrow-leaved glade fern,Homalosorus pycnocarpos
3277,769874,2861,Plantae,pineland heliotrope,Euploca polyphylla
3278,77991,2860,Plantae,Canada mint,Mentha canadensis
3279,324645,2860,Insecta,Salvinia Stem Borer Moth,Samea multiplicalis
3280,56026,2859,Plantae,Chilean sea fig,Carpobrotus chilensis
3281,123927,2859,Plantae,Queen's Crown,Rhodiola rhodantha
3282,125487,2859,Plantae,American Black Currant,Ribes americanum
3283,127912,2857,Plantae,alligator flag,Thalia geniculata
3284,82023,2856,Insecta,Ringed Assassin Bug,Pselliopus cinctus
3285,47771,2855,Mollusca,Stubby Dendronotid,Dendronotus subramosus
3286,51861,2854,Plantae,Bunchleaf Penstemon,Penstemon heterophyllus
3287,160814,2854,Plantae,Texas Snakewood,Colubrina texensis
3288,322101,2854,Insecta,Shiny Flea Beetle,Asphaera lustrans
3289,55508,2853,Plantae,dense-flowered owl's-clover,Castilleja densiflora
3290,81603,2853,Plantae,swamp thistle,Cirsium muticum
3291,308726,2853,Insecta,California Digger Bee,Anthophora californica
3292,216533,2852,Insecta,Bean Leaf Beetle,Cerotoma trifurcata
3293,204347,2851,Plantae,large twayblade,Liparis liliifolia
3294,1445652,2850,Insecta,Four-lined Silverfish,Ctenolepisma lineatum
3295,116333,2847,Plantae,American ginseng,Panax quinquefolius
3296,143308,2847,Fungi,Purple-and-White Deceiver,Laccaria ochropurpurea
3297,288658,2846,Plantae,Palmleaf Mistflower,Conoclinium dissectum
3298,145256,2845,Aves,Hermit Warbler,Setophaga occidentalis
3299,201043,2844,Aves,White-tailed Hawk,Geranoaetus albicaudatus
3300,142996,2842,Insecta,Spotted Peppergrass Moth,Eustixia pupula
3301,52620,2841,Insecta,Western Tiger Beetle,Cicindela oregona
3302,60150,2840,Plantae,common soliva,Soliva sessilis
3303,1648274,2840,Plantae,Vanillaleaf,Trilisa odoratissima
3304,203485,2839,Insecta,Perennial Mason Wasp,Parancistrocerus perennis
3305,59936,2838,Plantae,fivespot,Nemophila maculata
3306,61563,2836,Insecta,Common Micropanther,Atomosia puella
3307,78707,2834,Plantae,Curly-leaf Pondweed,Potamogeton crispus
3308,1494046,2834,Arachnida,Say's Armored Harvestman,Libitioides sayi
3309,131599,2833,Plantae,colicwood,Myrsine cubana
3310,1555489,2833,Plantae,Black Mustard,Mutarda nigra
3311,78858,2831,Plantae,swamp currant,Ribes lacustre
3312,217046,2831,Insecta,Lead-colored Lichen Moth,Cisthene plumbea
3313,58930,2830,Plantae,California Hedge Nettle,Stachys bullata
3314,83853,2829,Insecta,Riley's 13-Year Cicada,Magicicada tredecim
3315,169763,2829,Plantae,Balbis' airplant,Tillandsia balbisiana
3316,48895,2828,Plantae,Scorpion's-tail,Heliotropium angiospermum
3317,552574,2828,Protozoa,Wasp's Nest Slime Mold,Metatrichia vesparia
3318,56996,2827,Plantae,Tall Tumblemustard,Sisymbrium altissimum
3319,67330,2826,Plantae,Coulter pine,Pinus coulteri
3320,78847,2824,Plantae,Western Labrador Tea,Rhododendron columbianum
3321,56787,2823,Plantae,scarlet fritillary,Fritillaria recurva
3322,134213,2823,Plantae,Hairy Skullcap,Scutellaria elliptica
3323,214013,2822,Insecta,Shagreened Slug Moth,Apoda biguttata
3324,133814,2821,Insecta,Cobra Clubtail,Gomphurus vastus
3325,196525,2821,Insecta,Orange Virbia Moth,Virbia aurantiaca
3326,369881,2821,Plantae,Musk Fern,Microsorum grossum
3327,79065,2820,Plantae,Scarlet Sesbane,Sesbania punicea
3328,1238939,2819,Insecta,Drab Condylolomia Moth,Condylolomia participialis
3329,157239,2818,Plantae,Aunt Lucy,Ellisia nyctelea
3330,47326,2817,Plantae,Mount Diablo fairy-lantern,Calochortus pulchellus
3331,520959,2817,Insecta,Sulphur-tipped Clubtail,Phanogomphus militaris
3332,65986,2816,Amphibia,Pig Frog,Lithobates grylio
3333,979755,2816,Aves,Lucy's Warbler,Leiothlypis luciae
3334,79487,2815,Plantae,purpletop vervain,Verbena bonariensis
3335,127159,2814,Plantae,horsetail milkweed,Asclepias subverticillata
3336,56827,2813,Plantae,Foothill desert-parsley,Lomatium utriculatum
3337,27107,2812,Amphibia,Three-lined Salamander,Eurycea guttolineata
3338,130789,2812,Plantae,Sleepy Morning,Waltheria indica
3339,82587,2811,Insecta,Eastern Rhinoceros Beetle,Xyloryctes jamaicensis
3340,446794,2811,Plantae,Surprise Lily,Lycoris squamigera
3341,75943,2808,Plantae,Plummer's Mariposa Lily,Calochortus plummerae
3342,46256,2807,Mammalia,Harris' Antelope Squirrel,Ammospermophilus harrisii
3343,133448,2806,Insecta,Brown Wasp Mantidfly,Climaciella brunnea
3344,101064,2805,Actinopterygii,Blackstripe Topminnow,Fundulus notatus
3345,58474,2804,Insecta,Sleepy Duskywing,Erynnis brizo
3346,514012,2804,Plantae,nettle-leaved goosefoot,Chenopodiastrum murale
3347,121517,2803,Insecta,Yellow-banded Bumble Bee,Bombus terricola
3348,42048,2801,Mammalia,Gray Wolf,Canis lupus
3349,54995,2801,Plantae,yellow ʻilima,Sida fallax
3350,143469,2801,Plantae,Swamp Leatherflower,Clematis crispa
3351,197809,2801,Mammalia,Cliff Chipmunk,Neotamias dorsalis
3352,205180,2800,Insecta,Woolly Gray Moth,Lycia ypsilon
3353,41478,2799,Mammalia,Grey Whale,Eschrichtius robustus
3354,126605,2799,Plantae,Texas ragwort,Senecio ampullaceus
3355,203417,2799,Insecta,Diamondback Spittlebug,Lepyronia quadrangularis
3356,564898,2799,Aves,Yellow-eyed Junco,Junco phaeonotus
3357,975247,2799,,bacterial crown gall,Agrobacterium radiobacter
3358,129994,2798,Insecta,Yellow-horned Flower Longhorn Beetle,Strangalia luteicornis
3359,145534,2798,Insecta,Dimorphic Tosale Moth,Tosale oviplagalis
3360,58320,2797,Plantae,golden rain tree,Koelreuteria paniculata
3361,78018,2793,Plantae,mountain bluebells,Mertensia ciliata
3362,78582,2793,Plantae,Engelmann spruce,Picea engelmannii
3363,85337,2793,Plantae,Southern Harebell,Campanula divaricata
3364,328068,2793,Mollusca,Black-velvet Leatherleaf,Belocaulus angustipes
3365,357952,2793,Plantae,Cliff Saxifrage,Micranthes petiolaris
3366,62682,2792,Plantae,Hoary Pincushion,Chaenactis douglasii
3367,77399,2790,Plantae,Hairy False Goldenaster,Heterotheca villosa
3368,4553,2788,Aves,Rhinoceros Auklet,Cerorhinca monocerata
3369,121510,2788,Insecta,Blueberry Digger Bee,Habropoda laboriosa
3370,1146656,2787,Amphibia,Rio Grande Chirping Frog,Eleutherodactylus campi
3371,62218,2786,Plantae,great camas,Camassia leichtlinii
3372,79429,2785,Plantae,Reversed clover,Trifolium resupinatum
3373,125714,2785,Plantae,royal catchfly,Silene regia
3374,58792,2784,Plantae,manyflower marshpennywort,Hydrocotyle umbellata
3375,49750,2783,Actinopterygii,Sheepshead,Archosargus probatocephalus
3376,61946,2783,Plantae,Coulter's matilija poppy,Romneya coulteri
3377,41860,2781,Mammalia,Sea Otter,Enhydra lutris
3378,113407,2780,Insecta,Russet-tipped Clubtail,Stylurus plagiatus
3379,148517,2778,Insecta,Laviana White-Skipper,Heliopetes laviana
3380,914039,2778,Plantae,Southern Beeblossom,Oenothera simulans
3381,62372,2776,Plantae,Horned Bladderwort,Utricularia cornuta
3382,78362,2775,Plantae,Chinchweed,Pectis papposa
3383,154328,2774,Plantae,swamp lousewort,Pedicularis lanceolata
3384,202139,2774,Arachnida,Heptagonal Orbweaver,Gea heptagon
3385,68279,2773,Insecta,Rocky Mountain Parnassian,Parnassius smintheus
3386,215950,2772,Insecta,Poison Ivy Leaf-miner Moth,Cameraria guttifinitella
3387,76329,2770,Plantae,Yellow Rabbitbrush,Chrysothamnus viscidiflorus
3388,179998,2770,Mammalia,Columbian Ground Squirrel,Urocitellus columbianus
3389,1449997,2770,Plantae,California Harebell,Smithiastrum prenanthoides
3390,128845,2769,Insecta,Mexican Cactus Fly,Copestylum mexicanum
3391,205241,2763,Insecta,Straight-lined Plagodis Moth,Plagodis phlogosaria
3392,257008,2763,Insecta,Yellow-winged Pareuchaetes Moth,Pareuchaetes insulata
3393,81921,2761,Plantae,Loblolly bay,Gordonia lasianthus
3394,118242,2761,Fungi,Fairy Parachutes,Marasmiellus candidus
3395,54807,2760,Plantae,black ash,Fraxinus nigra
3396,120007,2760,Plantae,slender false foxglove,Agalinis tenuifolia
3397,124844,2760,Insecta,Fringed Diving Beetle,Cybister fimbriolatus
3398,925979,2760,Mammalia,Small Indian Mongoose,Urva auropunctata
3399,989847,2760,Arachnida,California Turret Spider,Atypoides riversi
3400,163844,2758,Plantae,Thyme-leaved Bluet,Houstonia serpyllifolia
3401,48347,2756,Plantae,thinleaf huckleberry,Vaccinium membranaceum
3402,1260100,2756,Insecta,Beaked Twig Gall Wasp,Burnettweldia plumbella
3403,16787,2754,Aves,Tropical Kingbird,Tyrannus melancholicus
3404,52625,2754,Plantae,Coastal Hedge-nettle,Stachys chamissonis
3405,163878,2754,Plantae,Large-leaf water leaf,Hydrophyllum macrophyllum
3406,203427,2753,Insecta,,Ozophora picturata
3407,59182,2752,Insecta,Edith's Checkerspot,Euphydryas editha
3408,172023,2752,Mollusca,Florida Tree Snail,Liguus fasciatus
3409,159049,2751,Plantae,Chinese violet,Asystasia gangetica
3410,225178,2751,Insecta,Drab Prominent,Misogada unicolor
3411,75688,2750,Plantae,Santa Barbara Milkvetch,Astragalus trichopodus
3412,82307,2750,Plantae,swamp aster,Symphyotrichum puniceum
3413,53344,2748,Plantae,blackwood,Acacia melanoxylon
3414,165157,2748,Plantae,Barbara's-buttons,Marshallia caespitosa
3415,64055,2746,Plantae,spreading wood fern,Dryopteris expansa
3416,328202,2745,Fungi,onion-stalk parasol,Leucocoprinus cepistipes
3417,55761,2744,Insecta,Lily Leaf Beetle,Lilioceris lilii
3418,77917,2744,Plantae,Tufted Loosestrife,Lysimachia thyrsiflora
3419,79214,2743,Plantae,San Diego Wirelettuce,Stephanomeria diegensis
3420,84972,2743,Plantae,mullein foxglove,Dasistoma macrophylla
3421,486567,2743,Insecta,Western Eyed Sphinx,Smerinthus ophthalmica
3422,127942,2742,Plantae,Slender Vervain,Verbena rigida
3423,55568,2741,Fungi,Black Witches' Butter,Exidia glandulosa
3424,119302,2740,Plantae,Parry's agave,Agave parryi
3425,57643,2739,Plantae,Little-Robin,Geranium purpureum
3426,204370,2739,Plantae,biennial beeblossom,Oenothera gaura
3427,59442,2738,Insecta,Red-lipped Green Lacewing,Chrysoperla rufilabris
3428,25588,2737,Amphibia,Columbia Spotted Frog,Rana luteiventris
3429,84498,2737,Actinopterygii,Western Blacknose Dace,Rhinichthys obtusus
3430,133240,2737,Plantae,Japanese holly,Ilex crenata
3431,126560,2736,Plantae,bog cranberry,Vaccinium oxycoccos
3432,81646,2733,Mollusca,Channeled Whelk,Busycotypus canaliculatus
3433,120518,2733,Plantae,red morning glory,Ipomoea coccinea
3434,50333,2730,Plantae,common lantana,Lantana camara
3435,163223,2730,Plantae,pale gentian,Gentiana alba
3436,538831,2729,Mollusca,McDonald's Dorid,Limacia mcdonaldi
3437,126803,2728,Insecta,White-winged March Fly,Bibio albipennis
3438,54608,2726,Fungi,Brown-eyed Wolf Lichen,Letharia columbiana
3439,320680,2726,Reptilia,Eastern Foxsnake,Pantherophis vulpinus
3440,69725,2725,Insecta,Sunflower Seed Maggot,Neotephritis finalis
3441,77085,2725,Plantae,goldpoppy,Eschscholzia parishii
3442,163276,2725,Plantae,Ross' Avens,Geum rossii
3443,59087,2724,Plantae,Meadow Deathcamas,Toxicoscordion venenosum
3444,111460,2722,Mollusca,Mapleleaf,Quadrula quadrula
3445,64441,2721,Plantae,Yellow Star-tulip,Calochortus monophyllus
3446,128521,2720,Fungi,dune stinkhorn,Phallus hadriani
3447,117504,2719,Plantae,Bamboo Orchid,Arundina graminifolia
3448,47963,2718,Insecta,Long-tailed Giant Ichneumonid Wasp,Megarhyssa macrurus
3449,1594041,2718,Insecta,Pruinose Squash Bee,Xenoglossa pruinosa
3450,78631,2716,Plantae,blue plumbago,Plumbago auriculata
3451,128204,2715,Plantae,harsh paintbrush,Castilleja hispida
3452,126548,2714,Plantae,eastern bluestar,Amsonia tabernaemontana
3453,201344,2714,Insecta,Pondside Crambid Moth,Elophila icciusalis
3454,132083,2713,Insecta,Lateral-lined Sharpshooter,Cuerna costalis
3455,78931,2712,Plantae,Pacific Glasswort,Salicornia pacifica
3456,76331,2711,Plantae,Golden Suncup,Chylismia brevipes
3457,127306,2711,Plantae,Chinese wisteria,Wisteria sinensis
3458,348812,2710,Fungi,Artist's Conk,Ganoderma brownii
3459,427021,2710,Insecta,,Ancistrocerus campestris
3460,9807,2708,Aves,Golden-winged Warbler,Vermivora chrysoptera
3461,183166,2708,Mammalia,Tri-coloured Bat,Perimyotis subflavus
3462,64115,2707,Plantae,Sacapellote,Acourtia microcephala
3463,143985,2706,Arachnida,Arizona Bark Scorpion,Centruroides sculpturatus
3464,340813,2706,Insecta,Texas Bow-legged Bug,Hyalymenus tarsatus
3465,83832,2704,Plantae,Hog plum,Ximenia americana
3466,219627,2704,Insecta,Deep Yellow Euchlaena Moth,Euchlaena amoenaria
3467,14011,2703,Aves,Pin-tailed Whydah,Vidua macroura
3468,59513,2702,Insecta,Brassy Blister Beetle,Lytta aenea
3469,170404,2702,Plantae,Limestone prickly ash,Zanthoxylum hirsutum
3470,58612,2701,Actinopterygii,Goldfish,Carassius auratus
3471,75904,2701,Plantae,Japanese brome,Bromus japonicus
3472,131637,2701,Plantae,Savannah meadowbeauty,Rhexia alifanus
3473,64184,2700,Plantae,Redstem Springbeauty,Claytonia rubra
3474,76959,2700,Plantae,Hairy Yerba Santa,Eriodictyon trichocalyx
3475,162557,2700,Plantae,ten-angled pipewort,Eriocaulon decangulare
3476,84803,2698,Plantae,prickly gooseberry,Ribes cynosbati
3477,217048,2697,Insecta,Thin-banded Lichen Moth,Cisthene tenuifascia
3478,77362,2696,Plantae,showy goldeneye,Heliomeris multiflora
3479,1569097,2695,Plantae,racemed milkwort,Senega polygama
3480,1624661,2695,Mammalia,Botta's Pocket Gopher,Megascapheus bottae
3481,3856,2694,Aves,Purple Sandpiper,Calidris maritima
3482,18460,2694,Aves,Williamson's Sapsucker,Sphyrapicus thyroideus
3483,68913,2694,Plantae,yellow fairybells,Prosartes lanuginosa
3484,75631,2694,Plantae,Canadian milkvetch,Astragalus canadensis
3485,1090178,2693,Insecta,Furry Oak Leaf Gall Wasp,Dryocosmus quercusnotha
3486,47251,2690,Actinopterygii,Great Barracuda,Sphyraena barracuda
3487,120275,2690,Insecta,American Sharp-angled Carpet,Euphyia intermediata
3488,76235,2686,Plantae,Rose Heath,Chaetopappa ericoides
3489,118773,2685,Plantae,Kalm's Lobelia,Lobelia kalmii
3490,146718,2685,Reptilia,Smooth Earthsnake,Virginia valeriae
3491,48750,2684,Mollusca,Rough Limpet,Lottia scabra
3492,129251,2684,Insecta,Restless Bush Cricket,Hapithus agitator
3493,208090,2684,Insecta,Black-shaded Platynota Moth,Platynota flavedana
3494,77180,2683,Plantae,climbing milkweed,Funastrum cynanchoides
3495,58618,2682,Actinopterygii,Common Shiner,Luxilus cornutus
3496,358858,2681,Insecta,Armored Stink Beetle,Eleodes armata
3497,119808,2680,Plantae,Glaucous Honeysuckle,Lonicera dioica
3498,60240,2679,Plantae,Goodding's willow,Salix gooddingii
3499,166025,2679,Plantae,White Point-vetch,Oxytropis sericea
3500,222116,2679,Insecta,Small Necklace Moth,Hypsoropha hormos
3501,508237,2679,Mollusca,Northern Leopard Dorid,Diaulula odonoghuei
3502,52900,2677,Insecta,Clover Looper Moth,Caenurgina crassiuscula
3503,84113,2674,Plantae,woodland sunflower,Helianthus divaricatus
3504,84432,2671,Actinopterygii,White Perch,Morone americana
3505,58556,2669,Insecta,Spring Azure,Celastrina ladon
3506,81963,2669,Actinopterygii,Opaleye,Girella nigricans
3507,153035,2668,Fungi,Spring Orange Peel Fungus,Caloscypha fulgens
3508,366322,2668,Mollusca,Eastern Banded Tulip,Cinctura hunteria
3509,170089,2667,Plantae,Purple Bladderwort,Utricularia purpurea
3510,79465,2666,Plantae,common bladderwort,Utricularia macrorhiza
3511,168041,2666,Plantae,Rocky Mountain raspberry,Rubus deliciosus
3512,6899,2665,Aves,Fulvous Whistling-Duck,Dendrocygna bicolor
3513,447077,2665,Plantae,Incised Fumewort,Corydalis incisa
3514,63609,2663,Plantae,California flannelbush,Fremontodendron californicum
3515,164763,2663,Plantae,Winter honeysuckle,Lonicera fragrantissima
3516,161160,2662,Plantae,Bush croton,Croton fruticulosus
3517,228634,2662,Insecta,Small Bird-dropping Moth,Ponometia erastrioides
3518,68954,2660,Insecta,Western Black Carpenter Ant,Camponotus modoc
3519,214078,2660,Insecta,Fruit-tree Leafroller Moth,Archips argyrospila
3520,28396,2659,Reptilia,Two-striped Garter Snake,Thamnophis hammondii
3521,179620,2659,Actinopterygii,Spotted Seatrout,Cynoscion nebulosus
3522,127254,2658,Plantae,Beach Croton,Croton punctatus
3523,209594,2657,Insecta,Mediterranean red bug,Scantius aegyptius
3524,118527,2655,Plantae,Parry's primrose,Primula parryi
3525,321779,2655,Insecta,Topiary Grass-veneer,Chrysoteuchia topiarius
3526,58341,2654,Plantae,Juniper Mistletoe,Phoradendron juniperinum
3527,53166,2653,Plantae,mountain sweet cicely,Osmorhiza berteroi
3528,58072,2653,Plantae,Western Tansymustard,Descurainia pinnata
3529,56627,2651,Plantae,Sea Muilla,Muilla maritima
3530,154762,2649,Insecta,Common Lagoon Fly,Eristalinus aeneus
3531,227601,2649,Insecta,Feather-edged Petrophila,Petrophila fulicalis
3532,104464,2648,Insecta,Swamp Spreadwing,Lestes vigilax
3533,78562,2647,Plantae,Torrey's Surfgrass,Phyllospadix torreyi
3534,129677,2644,Plantae,shrub lespedeza,Lespedeza bicolor
3535,165726,2644,Plantae,Texas Sacahuiste,Nolina texana
3536,119027,2643,Insecta,Hagen's Sphinx,Ceratomia hageni
3537,125663,2641,Mollusca,Kellet's Whelk,Kelletia kelletii
3538,201342,2641,Insecta,Sooty-winged Chalcoela Moth,Chalcoela iphitalis
3539,56273,2640,Protozoa,insect-egg slime,Leocarpus fragilis
3540,201818,2639,Insecta,Hollow-spotted Angle,Digrammia gnophosaria
3541,4349,2638,Aves,Glaucous Gull,Larus hyperboreus
3542,9743,2637,Aves,Tricolored Blackbird,Agelaius tricolor
3543,418653,2637,Plantae,New Zealand Spinach,Tetragonia tetragonoides
3544,53096,2636,Plantae,Rosy Pussytoes,Antennaria rosea
3545,221649,2635,Insecta,Giant Water Scavenger Beetle,Hydrophilus triangularis
3546,54844,2634,Plantae,pussy willow,Salix discolor
3547,128719,2634,Animalia,Indo-Pacific Rock-boring Urchin,Echinometra mathaei
3548,166889,2633,Plantae,Small butterwort,Pinguicula pumila
3549,118778,2632,Plantae,Parry's gentian,Gentiana parryi
3550,27468,2631,Amphibia,Southern California Slender Salamander,Batrachoseps major
3551,499874,2631,Mollusca,California Cone,Californiconus californicus
3552,144107,2629,Insecta,Yellow Slant-line,Tetracis crocallata
3553,75668,2628,Plantae,Nuttall's Milkvetch,Astragalus nuttallii
3554,54784,2627,Plantae,scarlet oak,Quercus coccinea
3555,78975,2627,Plantae,water spangles,Salvinia minima
3556,75279,2626,Plantae,shrubby deervetch,Acmispon rigidus
3557,223965,2626,Insecta,Small Mossy Glyph,Lithacodia musta
3558,153961,2625,Insecta,Powdered Dagger,Acronicta impleta
3559,179324,2625,Insecta,Rainbow Grasshopper,Dactylotum bicolor
3560,133437,2624,Plantae,Lanceleaf blanketflower,Gaillardia aestivalis
3561,152950,2624,Plantae,eastern woodland sedge,Carex blanda
3562,13770,2623,Aves,Common Waxbill,Estrilda astrild
3563,354227,2622,Plantae,Santa Rita Hedgehog Cactus,Echinocereus santaritensis
3564,53353,2621,Plantae,Eastwood's Manzanita,Arctostaphylos glandulosa
3565,196309,2621,Insecta,Smooth Ox Beetle,Strategus antaeus
3566,261458,2621,Insecta,Anchor Stink Bug,Stiretrus anchorago
3567,25592,2620,Amphibia,Cascades Frog,Rana cascadae
3568,51854,2620,Plantae,Red Ribbons,Clarkia concinna
3569,56793,2620,Plantae,Chocolate Lily,Fritillaria biflora
